,,,Date,,Salesman GK,,Amount
"Jan 1, '23 - Jun 11, 26",,,,,,,
,,,06/10/2026,,10669,,"239,769.00"
,,,06/10/2026,,,,"15,000.00"
,,,06/10/2026,,2133,,"43,000.00"
,,,06/10/2026,,0,,"2,000.00"
,,,06/10/2026,,678,,"14,178.00"
,,,06/10/2026,,,,"33,840.00"
,,,06/10/2026,,"5,472",,"96,384.00"
,,,06/09/2026,,78186,,"2,419,200.00"
,,,06/09/2026,,,,"33,000.00"
,,,06/09/2026,,,,"35,000.00"
,,,06/09/2026,,"3,223.5",,"56,900.00"
,,,06/09/2026,,"945,889.5",,"5,318,100.00"
,,,06/09/2026,,17598.75,,"176,175.00"
,,,06/08/2026,,3696.43,,"95,400.00"
,,,06/08/2026,,21847.08,,"229,947.00"
,,,06/08/2026,,,,"17,000.00"
,,,06/08/2026,,1210.5,,"13,308.00"
,,,06/08/2026,,27102,,"284,754.00"
,,,06/08/2026,,2500,,"15,000.00"
,,,06/08/2026,,54881.12,,"841,894.00"
,,,06/08/2026,,,,"44,944.00"
,,,06/08/2026,,"32,962.38",,"359,746.24"
,,,06/08/2026,,,,0.00
,,,06/05/2026,,62741.94,,"776,460.00"
,,,06/05/2026,,,,"36,900.00"
,,,06/05/2026,,2573.67,,"43,968.00"
,,,06/05/2026,,2800.62,,"48,165.00"
,,,06/05/2026,,4800,,"16,000.00"
,,,06/05/2026,,"20,700",,"434,700.00"
,,,06/05/2026,,9665.45,,"224,190.00"
,,,06/05/2026,,1300,,"27,300.00"
,,,06/05/2026,,"84,158.82",,"1,338,559.15"
,,,06/04/2026,,"196,310.92",,"1,470,318.06"
,,,06/04/2026,,"8,324.82",,"105,670.00"
,,,06/04/2026,,,,"158,760.00"
,,,06/04/2026,,,,"19,880.00"
,,,06/04/2026,,378,,"5,608.00"
,,,06/04/2026,,22650,,0.00
,,,06/04/2026,,,,"3,000.00"
,,,06/04/2026,,14785.37,,"199,332.76"
,,,06/04/2026,,2032,,"10,752.00"
,,,06/04/2026,,,,"7,000.00"
,,,06/04/2026,,47077.58,,"1,337,861.00"
,,,06/04/2026,,,,"17,696.00"
,,,06/03/2026,,"12,617",,"169,400.00"
,,,06/03/2026,,780,,"8,580.00"
,,,06/03/2026,,5842.46,,"53,776.00"
,,,06/03/2026,,94384.52,,"1,413,608.00"
,,,06/03/2026,,1000,,"12,536.00"
,,,06/02/2026,,71931.65,,0.00
,,,06/02/2026,,,,0.00
,,,06/02/2026,,5728.32,,"74,256.00"
,,,06/02/2026,,34945,,"219,600.00"
,,,06/02/2026,,34945,,"589,000.00"
,,,06/02/2026,,2014.52,,"21,704.00"
,,,06/02/2026,,,,"3,000.00"
,,,06/02/2026,,527.82,,"6,196.00"
,,,06/02/2026,,11600,,"69,600.00"
,,,06/02/2026,,2267.37,,"43,331.00"
,,,06/02/2026,,364,,"3,230.00"
,,,06/01/2026,,,,"4,500.00"
,,,06/01/2026,,,,"7,000.00"
,,,06/01/2026,,1547.19,,"45,729.00"
,,,06/01/2026,,,,"3,000.00"
,,,06/01/2026,,9971.74,,"57,720.00"
,,,06/01/2026,,"78,186",,"2,419,200.00"
,,,06/01/2026,,,,"30,000.00"
,,,06/01/2026,,78186,,"2,419,200.00"
,,,06/01/2026,,92901.14/5.7,,"1,608,713.00"
,,,06/01/2026,,,,"25,500.00"
,,,06/01/2026,,138030.36,,"78,000.00"
,,,06/01/2026,,7549,,"105,600.00"
,,,06/01/2026,,,,"11,200.00"
,,,06/01/2026,,91833,,"941,739.00"
,,,06/01/2026,,,,"35,000.00"
,,,05/29/2026,,749.2,,"8,840.00"
,,,05/29/2026,,504,,"13,104.00"
,,,05/28/2026,,5504,,"111,430.00"
,,,05/28/2026,,20528.49,,"231,383.00"
,,,05/28/2026,,,,"17,500.00"
,,,05/28/2026,,6%(2469.21),,"41,153.44"
,,,05/28/2026,,1559.39,,"27,879.39"
,,,05/28/2026,,104.01,,"86,700.00"
,,,05/28/2026,,104.01,,"26,250.00"
,,,05/28/2026,,3150,,"64,500.00"
,,,05/28/2026,,"147,152.84",,"1,930,010.00"
,,,05/28/2026,,12001.9,,"375,000.00"
,,,05/28/2026,,0,,"5,600.00"
,,,05/28/2026,,19534,,"276,064.00"
,,,05/28/2026,,19534,,"18,000.00"
,,,05/28/2026,,4905,,"53,160.00"
,,,05/26/2026,,"5,437.5",,"69,300.00"
,,,05/26/2026,,2770.4,,"34,180.00"
,,,05/26/2026,,,,"3,000.00"
,,,05/25/2026,,4788,,"64,820.00"
,,,05/25/2026,,595,,"9,095.00"
,,,05/25/2026,,7338.51,,"315,219.00"
,,,05/25/2026,,,,"33,300.00"
,,,05/25/2026,,,,"2,500.00"
,,,05/25/2026,,1355,,"27,375.00"
,,,05/25/2026,,2231,,"55,680.00"
,,,05/25/2026,,"1,356.3",,"12,852.00"
,,,05/25/2026,,,,540.00
,,,05/25/2026,,78186,,"2,419,200.00"
,,,05/25/2026,,,,"25,500.00"
,,,05/22/2026,,106491.65,,"1,483,800.00"
,,,05/22/2026,,,,"43,050.00"
,,,05/22/2026,,10650,,"205,880.00"
,,,05/22/2026,,,,"17,000.00"
,,,05/22/2026,,386.5,,"6,828.00"
,,,05/21/2026,,26915.61,,"343,689.00"
,,,05/21/2026,,0,,"10,500.00"
,,,05/21/2026,,29891.14,,"828,000.00"
,,,05/21/2026,,316,,"6,636.00"
,,,05/21/2026,,93,,"1,914.00"
,,,05/21/2026,,"1,862",,"19,872.00"
,,,05/21/2026,,"8,970",,"33,410.00"
,,,05/20/2026,,104256,,"2,419,200.00"
,,,05/20/2026,,,,"30,000.00"
,,,05/20/2026,,,,"27,000.00"
,,,05/20/2026,,2421,,"23,832.00"
,,,05/20/2026,,2421,,"10,800.00"
,,,05/20/2026,,"32,814.41",,"460,902.00"
,,,05/20/2026,,"8,080.8",,"321,869.96"
,,,05/20/2026,,,,"3,000.00"
,,,05/20/2026,,655.1,,"13,746.00"
,,,05/19/2026,,24560,,"1,399,680.00"
,,,05/19/2026,,"7,675.7",,"160,850.20"
,,,05/19/2026,,19382.4,,"345,000.00"
,,,05/19/2026,,"16,369.1",,"192,530.00"
,,,05/19/2026,,"14,292.57",,"134,790.00"
,,,05/19/2026,,"9,776.54",,"294,495.30"
,,,05/19/2026,,,,"6,720.00"
,,,05/19/2026,,"5,220.39",,"99,663.39"
,,,05/19/2026,,,,"3,360.00"
,,,05/19/2026,,5670,,"148,554.00"
,,,05/19/2026,,46846.8,,"1,384,110.00"
,,,05/19/2026,,5.04%(51171.58),,"1,014,895.00"
,,,05/19/2026,,6738.63,,"65,414.00"
,,,05/19/2026,,30624.4,,"776,160.00"
,,,05/19/2026,,30624.4,,"16,800.00"
,,,05/19/2026,,3000,,"15,000.00"
,,,05/18/2026,,"34,690",,"381,535.00"
,,,05/18/2026,,,,"161,280.00"
,,,05/18/2026,,,,"2,800.00"
,,,05/18/2026,,3150,,"7,000.00"
,,,05/18/2026,,,,"16,500.00"
,,,05/18/2026,,"159,429.57",,"2,194,548.00"
,,,05/15/2026,,5636,,"94,640.00"
,,,05/15/2026,,5636,,"12,000.00"
,,,05/15/2026,,57697.82,,"927,189.00"
,,,05/15/2026,,,,"15,000.00"
,,,05/15/2026,,786,,"24,840.00"
,,,05/15/2026,,786,,"3,000.00"
,,,05/14/2026,,10583.52,,"20,000.00"
,,,05/14/2026,,"93,729.29",,"1,179,205.00"
,,,05/14/2026,,2250,,"36,750.00"
,,,05/14/2026,,,,"3,000.00"
,,,05/14/2026,,602,,0.00
,,,05/14/2026,,189493.52,,"2,082,662.00"
,,,05/14/2026,,33600,,"302,400.00"
,,,05/14/2026,,27038.24,,"193,289.00"
,,,05/14/2026,,6484.59,,"56,056.00"
,,,05/14/2026,,2240,,"13,440.00"
,,,05/13/2026,,32400,,"212,400.00"
,,,05/13/2026,,"224,093.52",,0.00
,,,05/13/2026,,,,"14,000.00"
,,,05/13/2026,,"185,952",,"1,424,592.00"
,,,05/13/2026,,,,"14,000.00"
,,,05/13/2026,,26506,,"165,570.00"
,,,05/13/2026,,9294,,"339,969.00"
,,,05/12/2026,,"2,718.75",,"34,650.00"
,,,05/12/2026,,24407,,"450,884.00"
,,,05/12/2026,,,,"66,372.00"
,,,05/12/2026,,,,"11,500.00"
,,,05/12/2026,,18902.82,,"151,227.00"
,,,05/12/2026,,32120.44,,"378,320.00"
,,,05/12/2026,,,,"19,600.00"
,,,05/12/2026,,"10,703.39",,"118,853.00"
,,,05/12/2026,,19191.56,,0.00
,,,05/12/2026,,6308.5,,"84,700.00"
,,,05/12/2026,,52477.68,,"785,500.00"
,,,05/12/2026,,,,"39,000.00"
,,,05/12/2026,,"8,214",,"176,713.60"
,,,05/12/2026,,,,"12,000.00"
,,,05/12/2026,,54934.21,,"714,750.00"
,,,05/12/2026,,1000,,"16,000.00"
,,,05/12/2026,,1000,,"50,984.00"
,,,05/11/2026,,,,"1,000.00"
,,,05/11/2026,,540,,"7,320.00"
,,,05/11/2026,,"17,092.25",,"238,788.00"
,,,05/11/2026,,"8,058.6",,"99,677.00"
,,,05/11/2026,,400,,"9,165.00"
,,,05/11/2026,,614,,"14,118.00"
,,,05/11/2026,,1309.6,,"14,248.00"
,,,05/11/2026,,1309.6,,"3,000.00"
,,,05/11/2026,,13045.68,,"302,388.00"
,,,05/11/2026,,13045.68,,"13,000.00"
,,,05/09/2026,,"224,093.52",,"1,000.00"
,,,05/08/2026,,33314,,"581,718.00"
,,,05/08/2026,,78809.48,,"735,909.00"
,,,05/08/2026,,,,"27,160.00"
,,,05/08/2026,,118980,,"1,176,000.00"
,,,05/08/2026,,,,"43,700.00"
,,,05/08/2026,,"17,465",,"209,265.00"
,,,05/08/2026,,1675.33,,"59,812.00"
,,,05/08/2026,,,,"6,000.00"
,,,05/08/2026,,"14,378.46",,"193,050.00"
,,,05/08/2026,,,,"336,461.00"
,,,05/07/2026,,42142,,"362,700.00"
,,,05/07/2026,,600,,"2,800.00"
,,,05/07/2026,,189236.58,,"2,505,600.00"
,,,05/07/2026,,189236.58,,"30,000.00"
,,,05/07/2026,,340,,"3,680.00"
,,,05/07/2026,,9932.5,,"168,132.00"
,,,05/06/2026,,4633.71,,"29,600.00"
,,,05/06/2026,,4633.71,,"29,600.00"
,,,05/06/2026,,"9,120",,"160,640.00"
,,,05/06/2026,,"29,542.33",,"369,672.00"
,,,05/06/2026,,"4,353.57",,"111,055.00"
,,,05/06/2026,,17144.6,,"298,480.00"
,,,05/06/2026,,,,"10,000.00"
,,,05/06/2026,,771,,"21,150.00"
,,,05/06/2026,,"1,853.2",,"28,560.00"
,,,05/06/2026,,,,"1,200.00"
,,,05/06/2026,,2575,,"14,200.00"
,,,05/06/2026,,3024,,"45,761.76"
,,,05/06/2026,,17100,,"54,900.00"
,,,05/06/2026,,11584.29,,"74,000.00"
,,,05/06/2026,,6950.57,,"44,400.00"
,,,05/05/2026,,1246,,"28,002.00"
,,,05/05/2026,,780,,"16,380.00"
,,,05/05/2026,,49559.50,,"975,770.00"
,,,05/05/2026,,31911.71,,"191,476.00"
,,,05/05/2026,,20757.5,,"307,640.00"
,,,05/05/2026,,903.42,,"13,862.00"
,,,05/05/2026,,,,"17,500.00"
,,,05/05/2026,,11462.5,,"106,500.00"
,,,05/05/2026,,20940.04,,"184,466.00"
,,,05/05/2026,,,,"38,416.00"
,,,05/05/2026,,6861,,"145,657.00"
,,,05/05/2026,,,,"3,000.00"
,,,05/04/2026,,1550.57,,"39,000.00"
,,,05/04/2026,,"13,444",,"157,280.00"
,,,05/04/2026,,,,"7,000.00"
,,,05/04/2026,,"10,860",,"165,320.00"
,,,05/04/2026,,,,"6,500.00"
,,,05/04/2026,,2162.91,,"182,958.00"
,,,05/04/2026,,,,"37,500.00"
,,,05/04/2026,,12414.4,,"225,280.00"
,,,05/04/2026,,240,,"3,600.00"
,,,05/04/2026,,368.18,,"7,731.82"
,,,05/04/2026,,,,"3,200.00"
,,,04/30/2026,,11000,,"84,000.00"
,,,04/30/2026,,4152.04,,"42,148.00"
,,,04/30/2026,,771,,0.00
,,,04/30/2026,,21068.58,,"216,315.00"
,,,04/30/2026,,,,"18,000.00"
,,,04/30/2026,,8352.4,,"56,548.00"
,,,04/30/2026,,,,"5,000.00"
,,,04/29/2026,,503,,"3,410.00"
,,,04/29/2026,,3036,,"23,320.00"
,,,04/29/2026,,"5,800.9",,"159,565.00"
,,,04/29/2026,,,,"10,000.00"
,,,04/29/2026,,13278.33,,"201,083.00"
,,,04/29/2026,,5937.95,,"164,247.00"
,,,04/29/2026,,132776,,"1,527,836.00"
,,,04/29/2026,,,,"78,000.00"
,,,04/29/2026,,13278.33,,"7,917.00"
,,,04/28/2026,,3850,,"80,860.00"
,,,04/28/2026,,"2,200",,"24,200.00"
,,,04/28/2026,,30,,300.00
,,,04/28/2026,,3308,,"30,556.00"
,,,04/28/2026,,600,,"12,300.00"
,,,04/28/2026,,,,"3,000.00"
,,,04/27/2026,,17782,,"290,250.00"
,,,04/27/2026,,,,"12,320.00"
,,,04/27/2026,,240,,480.00
,,,04/27/2026,,"41,293.78",,"1,593,790.00"
,,,04/27/2026,,27400,,"365,400.00"
,,,04/27/2026,,169285.83,,"2,010,826.00"
,,,04/27/2026,,5644.80,,"21,324.80"
,,,04/27/2026,,3420,,"26,220.00"
,,,04/27/2026,,17279.5,,"120,400.00"
,,,04/27/2026,,21164,,"153,238.00"
,,,04/27/2026,,194480,,"1,455,000.00"
,,,04/27/2026,,7852.37,,"44,400.00"
,,,04/27/2026,,7852.37,,"44,400.00"
,,,04/27/2026,,7852.37,,"44,400.00"
,,,04/27/2026,,7852.37,,"44,400.00"
,,,04/24/2026,,1889.3,,"60,700.00"
,,,04/24/2026,,1212,,"25,412.00"
,,,04/24/2026,,725.88,,"7,107.00"
,,,04/24/2026,,2021.72,,"47,501.00"
,,,04/24/2026,,2037.8,,"16,000.00"
,,,04/24/2026,,690,,"6,915.00"
,,,04/23/2026,,27648,,"755,712.00"
,,,04/23/2026,,,,"36,150.00"
,,,04/23/2026,,3602.40,,"93,480.00"
,,,04/23/2026,,,,"3,000.00"
,,,04/23/2026,,"10,195.76",,"171,945.00"
,,,04/23/2026,,"17,479",,"1,082,500.00"
,,,04/22/2026,,57722.35,,"187,539.00"
,,,04/22/2026,,57722.35,,"296,816.00"
,,,04/22/2026,,18447.04,,"224,158.00"
,,,04/22/2026,,,,"3,000.00"
,,,04/21/2026,,2259.54,,"15,276.00"
,,,04/21/2026,,2240,,"13,440.00"
,,,04/21/2026,,"31,360.71",,"540,800.00"
,,,04/21/2026,,34132.61,,"288,221.00"
,,,04/21/2026,,33917.01,,"1,622,078.25"
,,,04/20/2026,,"1,284.7",,"25,390.00"
,,,04/20/2026,,,,"3,000.00"
,,,04/20/2026,,1708,,"9,260.00"
,,,04/20/2026,,"97,375.72",,"1,500,290.00"
,,,04/20/2026,,16593.25,,"534,333.00"
,,,04/20/2026,,600,,"15,000.00"
,,,04/20/2026,,3736.98,,"110,509.74"
,,,04/20/2026,,,,"1,500.00"
,,,04/17/2026,,28214.14,,"433,643.00"
,,,04/17/2026,,49.41,,"1,266.00"
,,,04/17/2026,,38345,,"310,000.00"
,,,04/17/2026,,18657,,"218,727.00"
,,,04/17/2026,,"331,560.80 (17%)",,"1,981,800.00"
,,,04/17/2026,,127483.17,,"1,556,670.00"
,,,04/17/2026,,1500,,"49,716.00"
,,,04/17/2026,,"166,582.10 (11%)",,"1,523,654.31"
,,,04/16/2026,,4150,,"43,808.00"
,,,04/16/2026,,725.88,,"7,107.00"
,,,04/16/2026,,226739.68,,"2,419,285.00"
,,,04/16/2026,,11100,,"86,100.00"
,,,04/16/2026,,1681.86,,"13,444.00"
,,,04/16/2026,,"12,196.29",,"74,000.00"
,,,04/16/2026,,7317.77,,"44,400.00"
,,,04/16/2026,,200,,"3,800.00"
,,,04/16/2026,,19489,,"18,000.00"
,,,04/15/2026,,150,,"1,950.00"
,,,04/15/2026,,631.14/3.8%,,"20,490.00"
,,,04/15/2026,,,,"3,000.00"
,,,04/15/2026,,61785.41,,"1,038,234.42"
,,,04/15/2026,,5.9%,,"90,000.00"
,,,04/15/2026,,5681,,"46,284.00"
,,,04/15/2026,,29006,,"725,760.00"
,,,04/15/2026,,"94,719.8",,"1,040,198.00"
,,,04/15/2026,,7798.19,,"88,980.00"
,,,04/15/2026,,,,"350,000.00"
,,,04/15/2026,,94719.8,,"1,040,198.00"
,,,04/15/2026,,,,"350,000.00"
,,,04/15/2026,,43950,,"980,000.00"
,,,04/15/2026,,31259,,"663,000.00"
,,,04/15/2026,,6764,,"138,400.00"
,,,04/15/2026,,21586,,"466,000.00"
,,,04/14/2026,,"12,186.6",,"205,740.00"
,,,04/14/2026,,18335.06,,"233,896.00"
,,,04/14/2026,,,,"13,340.00"
,,,04/14/2026,,1867,,"22,349.00"
,,,04/14/2026,,,,"10,000.00"
,,,04/14/2026,,106,,"1,626.00"
,,,04/14/2026,,34353,,"376,503.00"
,,,04/14/2026,,22659.57,,"43,700.00"
,,,04/14/2026,,2121,,"15,876.00"
,,,04/14/2026,,34319.14,,"317,600.00"
,,,04/13/2026,,"18,748.29",,"212,800.00"
,,,04/13/2026,,13704.03,,"340,659.00"
,,,04/13/2026,,,,"5,000.00"
,,,04/13/2026,,344833,,"5,629,690.00"
,,,04/13/2026,,"51,969.93",,"428,940.00"
,,,04/13/2026,,"103,507.14",,"1,229,100.00"
,,,04/13/2026,,20642,,"272,364.00"
,,,04/13/2026,,18161,,"285,717.00"
,,,04/13/2026,,23224,,"306,437.00"
,,,04/13/2026,,,,"20,000.00"
,,,04/13/2026,,"90,759.04",,0.00
,,,04/13/2026,,,,"212,000.00"
,,,04/13/2026,,10099.99,,"200,000.00"
,,,04/13/2026,,386881.84,,"4,097,327.00"
,,,04/13/2026,,,,"106,000.00"
,,,04/13/2026,,25174,,"271,215.00"
,,,04/13/2026,,1284,,"23,622.00"
,,,04/10/2026,,"14,632.83",,"308,070.00"
,,,04/10/2026,,"8,325.64",,"44,700.00"
,,,04/10/2026,,"126,125.88",,"1,133,901.00"
,,,04/10/2026,,,,"10,662.40"
,,,04/10/2026,,368,,"9,608.00"
,,,04/08/2026,,9523,,"166,000.00"
,,,04/08/2026,,,,"12,000.00"
,,,04/08/2026,,,,0.00
,,,04/08/2026,,,,"34,250.00"
,,,04/08/2026,,728.66,,"8,010.00"
,,,04/08/2026,,596,,0.00
,,,04/08/2026,,1610,,0.00
,,,04/08/2026,,2100,,0.00
,,,04/08/2026,,5797.15,,"73,040.00"
,,,04/07/2026,,61200,,"1,015,920.00"
,,,04/07/2026,,4800,,"137,100.00"
,,,04/07/2026,,"6,571.43",,"69,000.00"
,,,04/07/2026,,,,"3,000.00"
,,,04/07/2026,,,,"3,000.00"
,,,04/07/2026,,3698.64,,"56,232.00"
,,,04/07/2026,,1168.71,,"26,940.00"
,,,04/07/2026,,282.12,,"2,670.00"
,,,04/07/2026,,"62,978.6",,"1,051,024.00"
,,,04/07/2026,,448,,"8,896.00"
,,,04/07/2026,,"59,751.05 (9%)",,"701,043.00"
,,,04/07/2026,,13614.04,,"211,972.04"
,,,04/07/2026,,,,"5,000.00"
,,,04/07/2026,,,,"20,000.00"
,,,04/07/2026,,"3,648",,"64,256.00"
,,,04/07/2026,,25812.5,,"274,925.00"
,,,04/07/2026,,,,"5,000.00"
,,,04/06/2026,,81115.8,,"1,351,544.00"
,,,04/06/2026,,8545,,"288,000.00"
,,,04/06/2026,,8545,,"8,500.00"
,,,04/06/2026,,10200,,"32,300.00"
,,,04/06/2026,,13320,,"124,170.00"
,,,04/06/2026,,4440,,"41,390.00"
,,,04/01/2026,,7301.77,,0.00
,,,04/01/2026,,"94,618.29",,"1,252,800.00"
,,,04/01/2026,,,,"7,500.00"
,,,04/01/2026,,,,"30,000.00"
,,,04/01/2026,,10717.66,,"3,000.00"
,,,04/01/2026,,1472,,"16,700.00"
,,,03/31/2026,,5660,,0.00
,,,03/31/2026,,2522.88,,0.00
,,,03/31/2026,,,,0.00
,,,03/31/2026,,1342,,"11,354.00"
,,,03/31/2026,,23692,,0.00
,,,03/31/2026,,14919.06,,0.00
,,,03/31/2026,,6695.26,,"48,208.00"
,,,03/31/2026,,8818,,"62,424.00"
,,,03/31/2026,,"23,035.28",,"248,431.96"
,,,03/31/2026,,,,"13,500.00"
,,,03/31/2026,,27393.19,,"419,258.00"
,,,03/31/2026,,,,"20,000.00"
,,,03/30/2026,,"197,479.52",,"2,723,626.50"
,,,03/30/2026,,1250,,"14,000.00"
,,,03/30/2026,,,,"3,000.00"
,,,03/30/2026,,10161.29,,"192,014.00"
,,,03/30/2026,,44257.39,,"819,241.00"
,,,03/30/2026,,,,"41,328.00"
,,,03/30/2026,,10895.38,,"117,651.49"
,,,03/30/2026,,8446.1,,"3,360.00"
,,,03/30/2026,,3000,,"45,000.00"
,,,03/30/2026,,106.440.69 (15%),,"708,480.00"
,,,03/30/2026,,"505,844.39",,"4,761,440.00"
,,,03/30/2026,,22210/1.7%,,"1,278,720.00"
,,,03/27/2026,,5555.18,,"44,585.00"
,,,03/27/2026,,17818.53/6%,,"293,288.00"
,,,03/27/2026,,,,"9,500.00"
,,,03/27/2026,,268,,"4,084.00"
,,,03/26/2026,,18,,380.00
,,,03/26/2026,,832,,"6,590.00"
,,,03/26/2026,,8325.5,,"104,750.00"
,,,03/26/2026,,3213,,"66,249.00"
,,,03/26/2026,,13224.68,,"126,035.00"
,,,03/26/2026,,"6,713.2",,"139,280.00"
,,,03/26/2026,,,,"3,420.00"
,,,03/26/2026,,520,,"10,920.00"
,,,03/26/2026,,9390,,0.00
,,,03/25/2026,,81505.22,,"1,217,210.00"
,,,03/25/2026,,403700 (11.29%),,"3,577,000.00"
,,,03/25/2026,,1660.9 (4.84%),,"34,347.90"
,,,03/25/2026,,4091,,"45,000.00"
,,,03/25/2026,,,,"1,200.00"
,,,03/25/2026,,,,"3,000.00"
,,,03/25/2026,,,,"28,000.00"
,,,03/25/2026,,10717.66,,"440,250.00"
,,,03/25/2026,,12530.64,,0.00
,,,03/25/2026,,,,0.00
,,,03/25/2026,,"24,593.19",,"452,784.00"
,,,03/25/2026,,,,"5,000.00"
,,,03/25/2026,,1094.08,,"16,144.00"
,,,03/24/2026,,60,,731.00
,,,03/24/2026,,14622.18,,"360,000.00"
,,,03/24/2026,,"7,884.99",,0.00
,,,03/24/2026,,,,0.00
,,,03/23/2026,,13340.43,,"446,000.00"
,,,03/23/2026,,,,"3,500.00"
,,,03/23/2026,,218,,"4,558.00"
,,,03/23/2026,,2801.42,,"22,405.00"
,,,03/23/2026,,,,"10,640.00"
,,,03/23/2026,,6708.23,,"114,500.00"
,,,03/19/2026,,873.84,,0.00
,,,03/19/2026,,1160,,"16,660.00"
,,,03/19/2026,,632,,"5,200.00"
,,,03/19/2026,,17345.26,,"232,230.00"
,,,03/19/2026,,,,"25,480.00"
,,,03/19/2026,,135015.07,,"1,836,421.00"
,,,03/19/2026,,,,"11,200.00"
,,,03/18/2026,,4243,,0.00
,,,03/18/2026,,143760,,"1,887,000.00"
,,,03/18/2026,,,,"30,000.00"
,,,03/18/2026,,6032.89,,"81,000.00"
,,,03/18/2026,,500,,"7,300.00"
,,,03/18/2026,,"12,978.8",,"75,405.00"
,,,03/18/2026,,13529.62 (9.11%),,"148,574.00"
,,,03/18/2026,,"84,855.50",,"2,913,288.30"
,,,03/18/2026,,,,"68,000.00"
,,,03/18/2026,,,,"200,000.00"
,,,03/18/2026,,1432.97,,"15,500.00"
,,,03/18/2026,,19219.2,,"197,905.00"
,,,03/17/2026,,"6,447.1",,"135,364.00"
,,,03/17/2026,,"17,669.26",,"612,398.00"
,,,03/17/2026,,,,"1,500.00"
,,,03/17/2026,,"18,992.74",,"269,035.00"
,,,03/17/2026,,,,"20,000.00"
,,,03/17/2026,,3741.82,,"49,465.00"
,,,03/17/2026,,5772.94,,"169,590.00"
,,,03/17/2026,,"1,367.52",,"26,460.00"
,,,03/16/2026,,2210,,"73,800.00"
,,,03/16/2026,,,,"3,000.00"
,,,03/16/2026,,"22,086.04",,"758,630.00"
,,,03/16/2026,,,,"4,000.00"
,,,03/16/2026,,2294,,"49,550.00"
,,,03/16/2026,,,,"1,500.00"
,,,03/16/2026,,"34,570",,"1,632,960.00"
,,,03/16/2026,,,,"37,500.00"
,,,03/16/2026,,563.8,,"4,400.00"
,,,03/16/2026,,"2,343.5",,"24,798.00"
,,,03/16/2026,,"6,070.4",,"55,930.00"
,,,03/16/2026,,14653,,"307,990.00"
,,,03/16/2026,,14653,,"307,990.00"
,,,03/16/2026,,13289.58,,"403,945.00"
,,,03/16/2026,,17164.13,,"157,636.00"
,,,03/16/2026,,,,"4,940.00"
,,,03/16/2026,,2860 (7.56%),,"37,830.00"
,,,03/16/2026,,16492,,"48,783.00"
,,,03/13/2026,,1793.82,,0.00
,,,03/13/2026,,26838.23,,"329,869.00"
,,,03/13/2026,,3606,,"39,216.00"
,,,03/13/2026,,15900,,"271,200.00"
,,,03/13/2026,,1432.97,,"46,940.00"
,,,03/13/2026,,4480,,"72,468.00"
,,,03/12/2026,,2800 (7.77%),,"36,000.00"
,,,03/12/2026,,12470,,"330,800.00"
,,,03/12/2026,,"8,478.51",,"307,000.00"
,,,03/12/2026,,,,"3,000.00"
,,,03/12/2026,,"8,319.36",,"104,409.00"
,,,03/12/2026,,92,,"2,402.00"
,,,03/11/2026,,1051,,"14,800.00"
,,,03/11/2026,,10465,,"114,317.00"
,,,03/11/2026,,"43,260.83",,"474,571.00"
,,,03/11/2026,,,,0.00
,,,03/11/2026,,2294,,"14,396.00"
,,,03/11/2026,,"235,609.34",,"5,840,596.40"
,,,03/11/2026,,,,"2,234,304.00"
,,,03/11/2026,,"11,795",,"288,620.00"
,,,03/10/2026,,18997.68,,"215,394.00"
,,,03/10/2026,,1900,,"20,750.00"
,,,03/10/2026,,1755,,"22,750.00"
,,,03/10/2026,,7230,,"149,060.00"
,,,03/10/2026,,118,,"3,922.00"
,,,03/10/2026,,10905.13,,"188,109.00"
,,,03/10/2026,,,,500.00
,,,03/10/2026,,,,"16,250.00"
,,,03/10/2026,,13373.45,,"117,810.00"
,,,03/10/2026,,3300,,"87,560.00"
,,,03/10/2026,,5304,,"107,950.00"
,,,03/10/2026,,"1,269.29",,"18,177.00"
,,,03/10/2026,,11066.44,,"151,935.28"
,,,03/10/2026,,532.81,,"6,534.64"
,,,03/10/2026,,,,"25,000.00"
,,,03/10/2026,,"42,757.68",,"1,064,717.86"
,,,03/09/2026,,891.75,,"9,795.00"
,,,03/09/2026,,4653.36,,"137,964.00"
,,,03/09/2026,,,,"3,000.00"
,,,03/09/2026,,3167.05,,"65,017.52"
,,,03/09/2026,,,,"3,000.00"
,,,03/09/2026,,29176.75,,"439,021.00"
,,,03/09/2026,,,,"11,250.00"
,,,03/09/2026,,745,,"5,215.00"
,,,03/09/2026,,"225,935.41",,"9,416,735.09"
,,,03/09/2026,,33553.2,,0.00
,,,03/09/2026,,4888,,"201,500.00"
,,,03/09/2026,,179680,,"2,358,750.00"
,,,03/09/2026,,,,"30,000.00"
,,,03/09/2026,,,,0.00
,,,03/06/2026,, 10145.28,,"337,975.00"
,,,03/06/2026,, 10145.28,,"337,975.00"
,,,03/06/2026,,,,"1,500.00"
,,,03/06/2026,,1605.15,,"17,631.00"
,,,03/06/2026,,3994.88,,"32,000.00"
,,,03/06/2026,,"13,447.2",,"264,247.20"
,,,03/06/2026,,3150,,0.00
,,,03/05/2026,,34945,,"820,000.00"
,,,03/05/2026,,731,,"5,450.00"
,,,03/05/2026,,2621,,"20,965.00"
,,,03/05/2026,,28656,,"322,000.00"
,,,03/05/2026,,,,0.00
,,,03/05/2026,,"7,117.45",,"171,178.00"
,,,03/05/2026,,"141,928",,"1,879,200.00"
,,,03/05/2026,,,,"30,000.00"
,,,03/05/2026,,,,"7,500.00"
,,,03/05/2026,,2598.22,,"73,712.00"
,,,03/05/2026,,142397.52,,"1,188,782.00"
,,,03/05/2026,,5336.06,,"206,185.00"
,,,03/05/2026,,,,"3,000.00"
,,,03/05/2026,,300,,"6,300.00"
,,,03/04/2026,,"25,764",,"283,404.00"
,,,03/04/2026,,33603.44,,"526,744.00"
,,,03/04/2026,,11959,,"174,654.00"
,,,03/04/2026,,,,"13,000.00"
,,,03/04/2026,,,,"13,000.00"
,,,03/04/2026,,24255.96,,"375,022.00"
,,,03/04/2026,,"2,743.11",,"33,807.00"
,,,03/04/2026,,2053,,"28,000.00"
,,,03/04/2026,,"61,150.71",,"2,440,841.68"
,,,03/04/2026,,,,"4,290,120.00"
,,,03/04/2026,,8496,,0.00
,,,03/03/2026,,"50,154.73",,"697,278.82"
,,,03/03/2026,,1198.45,,"20,790.00"
,,,03/03/2026,,356,,"5,448.00"
,,,03/03/2026,,29376,,"316,745.60"
,,,03/03/2026,,,,"25,000.00"
,,,03/03/2026,,17795.82,,"347,229.00"
,,,03/03/2026,,0,,"16,000.00"
,,,03/03/2026,,12608.72,,"137,035.00"
,,,03/03/2026,,9708.28,,"182,912.00"
,,,03/02/2026,,10169.9,,"329,580.00"
,,,03/02/2026,,,,"30,000.00"
,,,03/02/2026,,1779,,"25,700.00"
,,,03/02/2026,,392,,"11,008.00"
,,,03/02/2026,,1141,,"8,386.00"
,,,03/02/2026,,"20,290.55",,0.00
,,,03/02/2026,,7374,,"55,200.00"
,,,03/02/2026,,11000,,"82,000.00"
,,,03/02/2026,,8239,,"137,400.00"
,,,03/02/2026,,7762.40,,"233,900.00"
,,,03/02/2026,,74710.88,,"1,685,126.00"
,,,03/02/2026,,0,,"15,000.00"
,,,02/27/2026,,3477,,"71,050.00"
,,,02/27/2026,,424.95,,"6,187.00"
,,,02/27/2026,,6331,,"194,145.00"
,,,02/27/2026,,"1,393.6",,"34,248.00"
,,,02/27/2026,,,,"4,000.00"
,,,02/27/2026,,"5,710.17",,"315,912.33"
,,,02/26/2026,,384,,"3,520.00"
,,,02/26/2026,,6720,,"174,720.00"
,,,02/26/2026,,"18,150",,0.00
,,,02/26/2026,,1925.37,,"38,718.00"
,,,02/26/2026,,,,"1,500.00"
,,,02/26/2026,,2420,,"27,260.00"
,,,02/26/2026,,"10,631.29",,"124,550.00"
,,,02/26/2026,,"131,877.68",,"1,677,126.00"
,,,02/26/2026,,378,,"5,778.00"
,,,02/25/2026,,8226,,"137,400.00"
,,,02/25/2026,,7621,,"119,327.00"
,,,02/25/2026,,33943,,0.00
,,,02/25/2026,,"13,797.1",,"389,648.00"
,,,02/25/2026,,,,"3,000.00"
,,,02/24/2026,,11475.03,,"355,228.00"
,,,02/24/2026,,,,"7,500.00"
,,,02/24/2026,,8845.66,,"92,348.00"
,,,02/24/2026,,130710.86,,"3,112,379.00"
,,,02/24/2026,,,,"22,400.00"
,,,02/24/2026,,3% = 28110.5,,"936,767.93"
,,,02/24/2026,,8226,,"137,400.00"
,,,02/24/2026,,1821,,"12,332.00"
,,,02/24/2026,,,,"10,000.00"
,,,02/24/2026,,13028,,0.00
,,,02/24/2026,,,,0.00
,,,02/24/2026,,695,,"6,450.00"
,,,02/23/2026,,5950,,"71,000.00"
,,,02/23/2026,,7978.44,,"79,587.00"
,,,02/23/2026,,,,"5,040.00"
,,,02/23/2026,,,,836.00
,,,02/23/2026,,2170,,"23,870.00"
,,,02/23/2026,,1818.64,,"17,455.00"
,,,02/23/2026,,19065.29,,"206,749.00"
,,,02/23/2026,,84960,,"2,419,200.00"
,,,02/23/2026,,1568,,"26,908.00"
,,,02/23/2026,,2051,,"37,704.00"
,,,02/23/2026,,"3,216",,"44,700.00"
,,,02/23/2026,,7984.95,,"10,000.00"
,,,02/23/2026,,134,,"3,460.00"
,,,02/20/2026,,179680,,"2,358,750.00"
,,,02/20/2026,,,,"30,000.00"
,,,02/20/2026,,8400.12,,"85,588.00"
,,,02/20/2026,,5000,,0.00
,,,02/20/2026,,21866.5,,"239,206.00"
,,,02/20/2026,,8815.25,,"96,754.00"
,,,02/20/2026,,,,"17,000.00"
,,,02/20/2026,,1103,,"14,600.00"
,,,02/20/2026,,2757.5,,"36,500.00"
,,,02/20/2026,,,,"2,000.00"
,,,02/20/2026,,220,,0.00
,,,02/20/2026,,11327.48,,"323,108.00"
,,,02/20/2026,,33943,,"1,209,600.00"
,,,02/20/2026,,16134.40,,"169,920.00"
,,,02/20/2026,,1818.64,,"17,455.00"
,,,02/20/2026,,4200,,"74,550.00"
,,,02/19/2026,,57600,,"2,361,600.00"
,,,02/19/2026,,7984.95,,"276,862.00"
,,,02/19/2026,,19166.44,,0.00
,,,02/19/2026,,,,0.00
,,,02/19/2026,,37265,,"820,000.00"
,,,02/19/2026,,179680,,"2,358,750.00"
,,,02/19/2026,,,,"30,000.00"
,,,02/19/2026,,5889,,"173,067.00"
,,,02/18/2026,,"6,253.66",,"163,980.00"
,,,02/18/2026,,60.13,,265.00
,,,02/18/2026,,"1,392.78",,"25,678.00"
,,,02/18/2026,,,,"1,500.00"
,,,02/18/2026,,"7,469.59",,"155,364.00"
,,,02/18/2026,,,,"25,000.00"
,,,02/18/2026,,9226,,"53,253.00"
,,,02/18/2026,,,,"8,000.00"
,,,02/18/2026,,"17,497.29",,"841,799.00"
,,,02/18/2026,,,,"5,000.00"
,,,02/18/2026,,2646,,"46,660.00"
,,,02/18/2026,,,,"1,500.00"
,,,02/16/2026,,"45,931.83",,"687,184.00"
,,,02/13/2026,,"16,204",,"262,080.00"
,,,02/13/2026,,,,"15,000.00"
,,,02/13/2026,,96221.72,,"998,400.00"
,,,02/13/2026,,,,"5,000.00"
,,,02/13/2026,,24890.51,,"407,902.00"
,,,02/13/2026,,,,"11,500.00"
,,,02/13/2026,,"1,889.57",,"52,356.00"
,,,02/13/2026,,"69,588.52",,"2,129,000.86"
,,,02/13/2026,,78905,,"1,396,200.00"
,,,02/13/2026,,3000,,"55,800.00"
,,,02/13/2026,,8065.5,,"154,120.00"
,,,02/13/2026,, 89218.32,,"1,555,816.00"
,,,02/13/2026,,,,"15,000.00"
,,,02/12/2026,,349,,"3,827.00"
,,,02/12/2026,,1757.19,,"22,113.00"
,,,02/12/2026,,8394,,"92,019.00"
,,,02/12/2026,,8394,,"5,000.00"
,,,02/12/2026,,48827.25,,"635,000.00"
,,,02/12/2026,,2897.06,,"31,667.13"
,,,02/12/2026,,2897.06,,"6,000.00"
,,,02/12/2026,,4640,,"51,040.00"
,,,02/12/2026,,78908,,0.00
,,,02/12/2026,,,,"35,000.00"
,,,02/12/2026,,3924,,"47,184.00"
,,,02/12/2026,,,,"3,000.00"
,,,02/12/2026,,"18,221.1",,"207,170.00"
,,,02/12/2026,,5236.8,,"58,560.00"
,,,02/12/2026,,,,"15,000.00"
,,,02/11/2026,,15360,,"270,080.00"
,,,02/11/2026,,884,,"13,544.00"
,,,02/11/2026,,884,,"1,500.00"
,,,02/11/2026,,10373,,0.00
,,,02/11/2026,,,,0.00
,,,02/10/2026,,3829.4,,"127,550.00"
,,,02/10/2026,,"12,332.6",,0.00
,,,02/10/2026,,1180,,"5,180.00"
,,,02/10/2026,,3459,,"28,500.00"
,,,02/10/2026,,636,,"3,176.00"
,,,02/10/2026,,9505.91,,"191,290.00"
,,,02/10/2026,,9672.76,,"321,510.00"
,,,02/09/2026,,2147.40,,"36,200.00"
,,,02/09/2026,,,,"1,500.00"
,,,02/09/2026,,2571.16,,"64,090.00"
,,,02/09/2026,,3427.43,,0.00
,,,02/09/2026,,13666.56,,"331,103.80"
,,,02/06/2026,,1572.5,,"34,528.00"
,,,02/06/2026,,6305.8,,"135,200.00"
,,,02/06/2026,,,,"12,000.00"
,,,02/06/2026,,800.95,,0.00
,,,02/06/2026,,,,0.00
,,,02/06/2026,,3427.46,,"95,363.00"
,,,02/06/2026,,50344.7,,"823,535.00"
,,,02/06/2026,,7350.71,,"19,500.00"
,,,02/06/2026,,2054.25,,"23,780.88"
,,,02/06/2026,,9267.39,,"122,268.00"
,,,02/05/2026,,"1,611.2",,"33,120.00"
,,,02/05/2026,,,,"1,500.00"
,,,02/05/2026,,2805,,"49,000.00"
,,,02/05/2026,,2805,,"42,120.00"
,,,02/05/2026,,6309,,"72,500.00"
,,,02/05/2026,,,,"8,000.00"
,,,02/05/2026,,2945.5,,"35,325.00"
,,,02/05/2026,,13519.45,,"154,041.00"
,,,02/05/2026,,,,"21,400.00"
,,,02/05/2026,,"26,292.39",,"277,975.00"
,,,02/05/2026,,3900,,"69,000.00"
,,,02/05/2026,,6042,,"66,230.00"
,,,02/04/2026,,4354.6,,0.00
,,,02/04/2026,,,,"1,500.00"
,,,02/04/2026,,12058.92,,"375,633.00"
,,,02/04/2026,,134637.48,,"3,100,944.00"
,,,02/04/2026,,,,"22,400.00"
,,,02/04/2026,,106480,,"9,935.00"
,,,02/04/2026,,"2,084.66",,"36,866.00"
,,,02/04/2026,,,,"1,500.00"
,,,02/04/2026,,116.7,,"1,283.70"
,,,02/04/2026,,"6,189.94",,"150,598.00"
,,,02/04/2026,,,,"10,000.00"
,,,02/04/2026,,22636,,"647,314.00"
,,,02/04/2026,,225.98,,"3,960.00"
,,,02/04/2026,,701,,"20,469.00"
,,,02/04/2026,,2323.6,,"41,045.00"
,,,02/04/2026,,,,"5,880.00"
,,,02/03/2026,,27705,,"608,200.00"
,,,02/03/2026,,46,,"4,632.00"
,,,02/02/2026,,10539.26,,"126,966.00"
,,,02/02/2026,,10500,,"114,230.00"
,,,02/02/2026,,,,"21,600.00"
,,,02/02/2026,,2565,,"53,640.00"
,,,02/02/2026,,,,"2,000.00"
,,,02/02/2026,,2253.42,,"70,551.00"
,,,02/02/2026,,2565,,"1,500.00"
,,,02/02/2026,,266994.09,,"2,094,239.00"
,,,02/02/2026,,5000,,"165,000.00"
,,,02/02/2026,,2640,,"28,890.00"
,,,02/02/2026,,23632.15,,"243,500.00"
,,,02/02/2026,,14199,,"124,488.00"
,,,02/02/2026,,,,"12,000.00"
,,,02/02/2026,,"27,831.78",,"311,818.15"
,,,02/02/2026,,,,"25,000.00"
,,,01/30/2026,,16842,,0.00
,,,01/29/2026,,193.2,,"1,669.20"
,,,01/29/2026,,2687,,"27,600.00"
,,,01/29/2026,,19500,,"145,530.00"
,,,01/29/2026,,2700,,"42,200.00"
,,,01/28/2026,,1500,,"10,000.00"
,,,01/28/2026,,38634.16,,"448,137.00"
,,,01/28/2026,,,,"23,340.00"
,,,01/28/2026,,13333.64,,"166,464.00"
,,,01/28/2026,,182,,"2,083.00"
,,,01/28/2026,,182,,"1,500.00"
,,,01/28/2026,,19243.92,,"231,442.00"
,,,01/28/2026,,6187.07,,"128,662.00"
,,,01/28/2026,,,,"25,000.00"
,,,01/28/2026,,55,,"1,155.00"
,,,01/28/2026,,"6,230.56",,"126,650.00"
,,,01/28/2026,,"287,994.62",,"2,024,406.00"
,,,01/28/2026,,,,"33,000.00"
,,,01/27/2026,,63360,,"2,566,080.00"
,,,01/27/2026,,106480,,"5,600.00"
,,,01/27/2026,,37932.88,,"993,726.00"
,,,01/26/2026,,18609.52,,0.00
,,,01/26/2026,,,,"17,000.00"
,,,01/26/2026,,"38,318.86",,"549,669.00"
,,,01/26/2026,,3150,,"34,650.00"
,,,01/26/2026,,5761,,"44,985.00"
,,,01/26/2026,,10023.5,,"176,985.00"
,,,01/26/2026,,84215,,"712,750.00"
,,,01/26/2026,,43200,,"1,180,800.00"
,,,01/26/2026,,43200,,"33,000.00"
,,,01/26/2026,,4160,,"138,692.00"
,,,01/26/2026,,9074,,0.00
,,,01/26/2026,,"58,450.12",,"842,810.00"
,,,01/26/2026,,158.72,,"2,076.00"
,,,01/23/2026,,17061.99,,"157,148.00"
,,,01/23/2026,,8121.04,,"337,906.80"
,,,01/23/2026,,8690.83,,"3,000.00"
,,,01/23/2026,,7404.40,,"323,809.20"
,,,01/23/2026,,,,"3,000.00"
,,,01/23/2026,,10906.84,,"323,809.20"
,,,01/23/2026,,"127,285.71",,"8,748,000.00"
,,,01/23/2026,,,,"37,500.00"
,,,01/23/2026,,,,"3,000.00"
,,,01/23/2026,,1878.58,,"74,349.00"
,,,01/23/2026,,,,"4,500.00"
,,,01/22/2026,,3937,,"59,200.00"
,,,01/21/2026,,1226,,"5,426.00"
,,,01/21/2026,,11646.56,,"240,872.00"
,,,01/21/2026,,"152,960.33",,"5,549,179.68"
,,,01/21/2026,,2000,,"27,000.00"
,,,01/20/2026,,8254.48,,"64,524.00"
,,,01/19/2026,,23253.26,,"302,633.00"
,,,01/19/2026,,25283.19,,"295,453.00"
,,,01/19/2026,,5271,,"88,800.00"
,,,01/19/2026,,15583.91,,"286,336.00"
,,,01/19/2026,,"118,889.45",,"1,239,105.00"
,,,01/19/2026,,"107,479.45",,"1,576,620.00"
,,,01/19/2026,,285,,"3,885.00"
,,,01/19/2026,,,,"1,500.00"
,,,01/19/2026,,1917.3,,"47,190.00"
,,,01/19/2026,,,,"1,500.00"
,,,01/19/2026,,4310,,"89,460.00"
,,,01/16/2026,,"5,987.43",,"105,642.00"
,,,01/16/2026,,"32,574.96",,"471,704.00"
,,,01/16/2026,,,,"13,000.00"
,,,01/16/2026,,8342.15,,"141,085.00"
,,,01/16/2026,,28403.61,,"390,000.00"
,,,01/16/2026,,813,,"8,783.00"
,,,01/16/2026,,3353.56,,"42,008.00"
,,,01/16/2026,,,,"5,000.00"
,,,01/16/2026,,362.88,,"3,948.00"
,,,01/15/2026,,13546.07,,"204,052.00"
,,,01/15/2026,,,,"21,250.00"
,,,01/15/2026,,2597,,"15,009.00"
,,,01/15/2026,,3920.15,,"59,761.00"
,,,01/15/2026,,3200,,"68,800.00"
,,,01/15/2026,,,,"1,500.00"
,,,01/15/2026,,28921.49,,"682,222.79"
,,,01/14/2026,,3883,,0.00
,,,01/14/2026,,29369.01,,"326,441.00"
,,,01/14/2026,,,,"10,700.00"
,,,01/14/2026,,"46,785.28",,"1,026,486.48"
,,,01/14/2026,,8610,,"168,081.00"
,,,01/14/2026,,,,"15,000.00"
,,,01/14/2026,,10640.5,,"119,860.00"
,,,01/14/2026,,,,"5,000.00"
,,,01/13/2026,,600,,"15,600.00"
,,,01/13/2026,,11767.6,,"130,752.00"
,,,01/13/2026,,,,"21,400.00"
,,,01/13/2026,,3217.67,,0.00
,,,01/13/2026,,3217.67,,0.00
,,,01/13/2026,,52789.30,,0.00
,,,01/13/2026,,"48,362.50",,0.00
,,,01/12/2026,,"84,142.36",,"857,950.00"
,,,01/12/2026,,"2,022.4",,"42,530.00"
,,,01/12/2026,,,,"1,500.00"
,,,01/12/2026,,14511.43,,"123,900.00"
,,,01/12/2026,,1201.42,,"13,234.32"
,,,01/12/2026,,,,"36,500.00"
,,,01/12/2026,,56568.47,,"614,981.52"
,,,01/12/2026,,16094.60,,0.00
,,,01/12/2026,,4272.73,,"42,000.00"
,,,01/12/2026,,,,"1,200.00"
,,,01/12/2026,,,,0.00
,,,01/12/2026,,"4,791.52",,"124,280.00"
,,,01/12/2026,,"3,094.71",,"49,423.00"
,,,01/12/2026,,,,"1,500.00"
,,,01/09/2026,," 5,878.05",,"126,150.75"
,,,01/09/2026,,,,"20,800.00"
,,,01/09/2026,,0,,"12,500.00"
,,,01/09/2026,,"50,880",,"1,553,760.00"
,,,01/09/2026,,14750.39,,"307,450.00"
,,,01/09/2026,,"19,153.4",,"168,133.68"
,,,01/08/2026,,,,"1,000.00"
,,,01/08/2026,,1532,,"25,150.00"
,,,01/08/2026,,6657,,"59,700.00"
,,,01/08/2026,,,,"12,000.00"
,,,01/07/2026,,73120,,"532,470.00"
,,,01/07/2026,,"35,317.11",,"526,290.00"
,,,01/07/2026,,"150,337.96",,"1,800,661.00"
,,,01/07/2026,,,,"42,000.00"
,,,01/07/2026,,4098,,"119,600.00"
,,,01/06/2026,,12428.89,,"328,445.00"
,,,01/06/2026,,12428.89,,"12,500.00"
,,,01/06/2026,,7387.05,,"196,352.00"
,,,01/06/2026,,19597.16,,"209,076.00"
,,,01/06/2026,,,,"3,600.00"
,,,01/06/2026,,9702.3,,"122,914.00"
,,,01/06/2026,,8950.29,,"132,964.00"
,,,01/06/2026,,,,"32,400.00"
,,,01/06/2026,,7842.86,,"35,280.00"
,,,01/06/2026,,12272.86,,"145,000.00"
,,,01/06/2026,,4497.58,,"54,329.00"
,,,01/05/2026,,"8,990.29",,"276,800.00"
,,,01/05/2026,,,,"4,500.00"
,,,01/05/2026,,,,"3,000.00"
,,,01/05/2026,,8822,,"141,400.00"
,,,01/05/2026,,1680,,0.00
,,,01/05/2026,,161100.18,,"2,058,750.00"
,,,12/17/2025,,1208.6,,"21,277.00"
,,,12/17/2025,,3854.22,,"79,999.00"
,,,12/17/2025,,11208.21,,"139,500.00"
,,,12/17/2025,,2442.84,,"50,480.00"
,,,12/15/2025,,"1,852",,"38,255.00"
,,,12/15/2025,,,,"1,500.00"
,,,12/15/2025,,2900,,"12,760.00"
,,,12/15/2025,,"6,007.65",,"76,230.00"
,,,12/15/2025,,"13,392.85",,0.00
,,,12/15/2025,,415.44,,"6,288.00"
,,,12/15/2025,,15649.60,,"210,115.50"
,,,12/12/2025,,36618,,"518,400.00"
,,,12/12/2025,,,,"30,000.00"
,,,12/12/2025,,4449.6,,"94,080.00"
,,,12/12/2025,,2933.14,,"65,366.00"
,,,12/12/2025,,0,,"1,500.00"
,,,12/12/2025,,"112,000",,0.00
,,,12/12/2025,,6936,,"73,500.00"
,,,12/12/2025,,,,"8,000.00"
,,,12/11/2025,,4030,,"21,000.00"
,,,12/11/2025,,,,"2,569,320.00"
,,,12/11/2025,,22028.58,,"294,000.00"
,,,12/11/2025,,,,"2,390,400.00"
,,,12/10/2025,,,,"3,000.00"
,,,12/10/2025,,,,"2,940,000.00"
,,,12/10/2025,,,,"5,000.00"
,,,12/10/2025,,300,,"5,300.00"
,,,12/10/2025,,55360,,"596,160.00"
,,,12/10/2025,,55360,,"596,160.00"
,,,12/10/2025,,21826.2,,"239,000.00"
,,,12/10/2025,,"1,995.23",,"50,250.00"
,,,12/10/2025,,,,"10,000.00"
,,,12/10/2025,,,,"30,000.00"
,,,12/10/2025,,"171,360",,"1,052,640.00"
,,,12/09/2025,,237.5,,"3,650.00"
,,,12/09/2025,,9775,,"369,022.00"
,,,12/09/2025,,7593.50,,"215,700.00"
,,,12/09/2025,,5855,,"121,830.00"
,,,12/09/2025,,5855,,"1,500.00"
,,,12/09/2025,,27992,,"554,883.00"
,,,12/09/2025,,27992,,"12,000.00"
,,,12/05/2025,,1620,,"17,812.00"
,,,12/05/2025,,,,"10,000.00"
,,,12/05/2025,,"4,900",,"10,045.00"
,,,12/05/2025,,"1,274",,"13,888.00"
,,,12/05/2025,,,,"8,412,000.00"
,,,12/04/2025,,3182.25,,"55,128.00"
,,,12/03/2025,,"78,458.31",,"549,446.80"
,,,12/02/2025,,2425,,"26,675.00"
,,,12/02/2025,,1020,,"7,480.00"
,,,12/02/2025,,7310,,"142,880.00"
,,,12/02/2025,,2000,,"12,000.00"
,,,12/01/2025,,32648.81,,"532,727.00"
,,,12/01/2025,,694,,"13,265.00"
,,,12/01/2025,,42255,,0.00
,,,12/01/2025,,63408,,"402,834.00"
,,,12/01/2025,,,,"46,000.00"
,,,12/01/2025,,22762,,"153,826.00"
,,,12/01/2025,,,,"8,000.00"
,,,12/01/2025,,9208,,"173,628.00"
,,,12/01/2025,,13793.15,,"155,976.00"
,,,12/01/2025,,,,"1,500.00"
,,,12/01/2025,,4030,,"41,400.00"
,,,12/01/2025,,27034.76,,"252,246.00"
,,,11/28/2025,,296044,,"1,296,000.00"
,,,11/28/2025,,,,"60,000.00"
,,,11/28/2025,,1774.64,,"53,023.00"
,,,11/28/2025,,,,"2,000.00"
,,,11/28/2025,,"7,705.6",,"160,800.00"
,,,11/28/2025,,73728,,"811,008.00"
,,,11/28/2025,,5155,,"144,000.00"
,,,11/28/2025,,,,"55,000.00"
,,,11/28/2025,,8911.5,,"206,050.00"
,,,11/28/2025,,3635,,"39,985.00"
,,,11/28/2025,,,,"8,000.00"
,,,11/28/2025,,2132.2,,"19,936.00"
,,,11/28/2025,,3500,,"5,000.00"
,,,11/28/2025,,120343,,"1,296,000.00"
,,,11/27/2025,,3380,,"49,200.00"
,,,11/27/2025,,4455.81,,"9,060.48"
,,,11/27/2025,,0,,"3,500.00"
,,,11/27/2025,,8000,,"50,000.00"
,,,11/27/2025,,1000,,"5,000.00"
,,,11/27/2025,,1569,,"40,772.00"
,,,11/27/2025,,1344,,"13,800.00"
,,,11/26/2025,,42255,,"912,500.00"
,,,11/26/2025,,,,0.00
,,,11/26/2025,,"1,086",,"19,146.00"
,,,11/26/2025,,,,"1,500.00"
,,,11/26/2025,,33248.86,,"546,795.00"
,,,11/26/2025,,"36,618",,"990,720.00"
,,,11/26/2025,,36618,,"990,720.00"
,,,11/26/2025,,,,"20,000.00"
,,,11/26/2025,,,,"20,000.00"
,,,11/25/2025,,20211.08,,"666,695.00"
,,,11/25/2025,,90260.43,,"1,057,800.00"
,,,11/25/2025,,,,"10,500.00"
,,,11/25/2025,,29391.96,,"637,004.00"
,,,11/25/2025,,289.36,,"1,448.00"
,,,11/25/2025,,13,,241.00
,,,11/25/2025,,"334,664",,0.00
,,,11/24/2025,,328.02,,"6,888.00"
,,,11/24/2025,,20179.91,,"95,232.00"
,,,11/24/2025,,2275,,"13,007.00"
,,,11/24/2025,,62392,,"999,530.00"
,,,11/24/2025,,,,"24,000.00"
,,,11/21/2025,,"29,860.98",,"314,131.00"
,,,11/21/2025,,36238.38,,"550,000.00"
,,,11/21/2025,,147210,,"8,412,000.00"
,,,11/21/2025,,260,,"3,392.00"
,,,11/21/2025,,1280,,"17,600.00"
,,,11/21/2025,,484,,"4,444.00"
,,,11/21/2025,,,,0.00
,,,11/20/2025,,9729.72,,"131,040.00"
,,,11/20/2025,,"33,051.41",,"289,681.00"
,,,11/20/2025,,6700,,"19,700.00"
,,,11/20/2025,,276,,"5,776.00"
,,,11/19/2025,,3082,,"21,840.00"
,,,11/19/2025,,516,,"4,096.00"
,,,11/19/2025,,,,"10,500.00"
,,,11/19/2025,,200818.80,,"8,580,200.00"
,,,11/18/2025,,12500,,"132,500.00"
,,,11/18/2025,,4012,,0.00
,,,11/18/2025,,,,"35,000.00"
,,,11/18/2025,,8556.78,,0.00
,,,11/18/2025,,0,,0.00
,,,11/17/2025,,4613.91,,"63,273.00"
,,,11/17/2025,,"23,187",,"458,400.00"
,,,11/17/2025,,"20,150",,"389,000.00"
,,,11/17/2025,,"10,081.77",,"23,881.77"
,,,11/17/2025,,,,"1,500.00"
,,,11/17/2025,,10595.99,,"114,057.00"
,,,11/17/2025,,26801.49,,"359,100.00"
,,,11/17/2025,,"179,761",,"1,334,762.00"
,,,11/17/2025,,51.84,,564.00
,,,11/17/2025,,96756,,0.00
,,,11/17/2025,,,,0.00
,,,11/14/2025,,31577.95,,"273,772.00"
,,,11/14/2025,,31577.95,,"25,000.00"
,,,11/14/2025,,15700.22,,"232,250.00"
,,,11/14/2025,,273,,"32,265.00"
,,,11/14/2025,,273,,"6,800.00"
,,,11/14/2025,,3000.41,,"116,820.00"
,,,11/14/2025,,208,,"1,040.00"
,,,11/13/2025,,5864,,"66,762.00"
,,,11/13/2025,,459.37,,"6,167.70"
,,,11/13/2025,,7210,,"143,000.00"
,,,11/12/2025,,90225,,"1,279,000.00"
,,,11/12/2025,,20610.28,,"254,120.00"
,,,11/12/2025,,,,"8,000.00"
,,,11/12/2025,,39613,,"272,923.00"
,,,11/12/2025,,"35,962",,"220,077.00"
,,,11/12/2025,,,,"45,000.00"
,,,11/12/2025,,,,"8,000.00"
,,,11/12/2025,,3306,,"36,366.00"
,,,11/12/2025,,7978,,"100,460.00"
,,,11/12/2025,,10140.34,,"160,430.00"
,,,11/12/2025,,,,"16,800.00"
,,,11/12/2025,,14057.94,,"93,186.00"
,,,11/12/2025,,20126.57,,"295,186.00"
,,,11/12/2025,,,,"32,400.00"
,,,11/12/2025,,9263.91,,"149,992.00"
,,,11/12/2025,,13764.54,,"268,704.00"
,,,11/12/2025,,,,"21,400.00"
,,,11/12/2025,,437.58,,"5,733.00"
,,,11/12/2025,,444,,"9,324.00"
,,,11/12/2025,,"19,456.49",,"475,585.20"
,,,11/12/2025,,,,"3,000.00"
,,,11/11/2025,,"196,097.14",,"6,092,928.00"
,,,11/11/2025,,71229.70,,"4,290,100.00"
,,,11/11/2025,,"19,921.20",,"234,152.82"
,,,11/11/2025,,45306.17,,"444,171.00"
,,,11/11/2025,,1000,,"21,000.00"
,,,11/07/2025,,210071.67,,"12,870,360.00"
,,,11/07/2025,,104924.08,,"1,122,140.00"
,,,11/07/2025,,0,,"35,000.00"
,,,11/07/2025,,6176.13,,"158,429.00"
,,,11/06/2025,,39807.14,,"636,606.00"
,,,11/06/2025,,,,"2,000.00"
,,,11/06/2025,,13180.27,,"164,785.00"
,,,11/06/2025,,,,"10,500.00"
,,,11/05/2025,,"1,008.08",,"15,408.00"
,,,11/05/2025,,73235,,0.00
,,,11/05/2025,,0,,0.00
,,,11/05/2025,,9434,,"132,040.00"
,,,11/05/2025,,0,,"8,000.00"
,,,11/05/2025,,10.59,,377.00
,,,11/05/2025,,,,"2,448,000.00"
,,,11/05/2025,,5297.30,,"83,107.00"
,,,11/05/2025,,720,,"13,000.00"
,,,11/05/2025,,2687,,"27,600.00"
,,,11/04/2025,,3642,,"26,436.00"
,,,11/04/2025,,450,,"6,480.00"
,,,11/04/2025,,20911.15,,"294,800.00"
,,,11/04/2025,,8936.61,,"216,794.88"
,,,11/04/2025,,0,,"3,000.00"
,,,11/04/2025,,13146.7,,"89,050.00"
,,,11/03/2025,,870,,"13,370.00"
,,,11/03/2025,,2951.2,,"34,068.00"
,,,11/03/2025,,3983.94,,"78,927.88"
,,,11/03/2025,,7864.35,,"133,770.00"
,,,11/03/2025,,1140,,"15,510.00"
,,,11/03/2025,,69120,,"1,486,080.00"
,,,11/03/2025,,11380.63,,"343,800.00"
,,,11/03/2025,,20557.69,,"215,120.00"
,,,11/03/2025,,14086.5,,"149,036.00"
,,,11/03/2025,,"8,937.52",,"96,641.00"
,,,11/03/2025,,0,,"21,200.00"
,,,10/30/2025,,84100,,"4,280,100.00"
,,,10/30/2025,,1358.2,,"57,349.60"
,,,10/29/2025,,881.28,,"9,588.00"
,,,10/28/2025,,39755.72,,"522,900.00"
,,,10/28/2025,, 7228.53,,"231,970.00"
,,,10/28/2025,,52959.75,,"709,420.00"
,,,10/28/2025,,,,"21,056.00"
,,,10/28/2025,,,,"2,030,976.00"
,,,10/28/2025,,"17,590.88",,"437,145.00"
,,,10/28/2025,,,,"15,000.00"
,,,10/28/2025,,635.02,,0.00
,,,10/28/2025,,"6,476",,"162,400.00"
,,,10/28/2025,,,,"17,500.00"
,,,10/28/2025,,16300,,"263,850.00"
,,,10/27/2025,,44642.56,,"1,065,112.00"
,,,10/27/2025,,612,,0.00
,,,10/27/2025,,5400,,"95,400.00"
,,,10/24/2025,,952.48,,"16,040.00"
,,,10/24/2025,,,,"1,000.00"
,,,10/24/2025,,1336.5,,"18,300.00"
,,,10/24/2025,,8150.35,,"94,920.00"
,,,10/24/2025,,6210,,"72,000.00"
,,,10/24/2025,,,,"6,500.00"
,,,10/24/2025,,1282.32,,"12,929.00"
,,,10/24/2025,,11954.21,,"155,570.00"
,,,10/23/2025,,2060,,"12,527.00"
,,,10/23/2025,,17219,,"350,300.00"
,,,10/23/2025,,20241,,"403,400.00"
,,,10/23/2025,,336600,,"8,565,200.00"
,,,10/23/2025,,350,,"3,700.00"
,,,10/22/2025,,"173,955.20",,"1,671,877.00"
,,,10/22/2025,,,,"60,000.00"
,,,10/22/2025,,"74,936",,"1,956,672.00"
,,,10/22/2025,,,,"25,000.00"
,,,10/22/2025,,9724.35,,"65,578.00"
,,,10/22/2025,,5146.92,,"52,565.00"
,,,10/22/2025,,3730.36,,"29,092.00"
,,,10/22/2025,,11474,,"273,300.00"
,,,10/22/2025,,11474,,"9,000.00"
,,,10/22/2025,,"56,558.29",,"750,200.00"
,,,10/22/2025,,"275,709.6",,"4,542,720.00"
,,,10/22/2025,,,,"60,000.00"
,,,10/21/2025,,100651.94,,"1,681,835.00"
,,,10/21/2025,,,,"24,000.00"
,,,10/21/2025,,49372,,"832,000.00"
,,,10/21/2025,,1358.2,,"15,964.20"
,,,10/21/2025,,200,,"5,200.00"
,,,10/21/2025,,1436,,"30,086.00"
,,,10/20/2025,,3838.43,,"69,154.54"
,,,10/20/2025,,508,,"3,590.00"
,,,10/20/2025,,2134,,"30,600.00"
,,,10/17/2025,,1058,,"14,218.00"
,,,10/17/2025,,6744.19,,"84,366.00"
,,,10/17/2025,,"16,903.54",,"466,560.00"
,,,10/17/2025,,,,"25,000.00"
,,,10/17/2025,,"4,115.78",,"91,795.77"
,,,10/17/2025,,,,"1,500.00"
,,,10/17/2025,,"16,696",,"231,800.00"
,,,10/17/2025,,,,"3,000.00"
,,,10/15/2025,,,,"1,000.00"
,,,10/15/2025,,"1,104",,"11,704.00"
,,,10/15/2025,,"26,303",,"267,390.00"
,,,10/15/2025,,"27,047.64",,"396,099.00"
,,,10/15/2025,,,,"30,000.00"
,,,10/15/2025,,,,"30,000.00"
,,,10/15/2025,,6956.92,,"111,719.00"
,,,10/15/2025,,,,"8,000.00"
,,,10/15/2025,,0,,"3,000.00"
,,,10/15/2025,,"58,951.77",,0.00
,,,10/15/2025,,,,"2,000.00"
,,,10/15/2025,,3447.07,,"75,558.00"
,,,10/15/2025,,5329.5,,"119,091.46"
,,,10/15/2025,,"18,534.41",,"250,559.10"
,,,10/14/2025,,42728.43,,"667,150.00"
,,,10/14/2025,,,,"9,000.00"
,,,10/14/2025,,22360,,"404,310.00"
,,,10/14/2025,,22360,,"355,830.60"
,,,10/14/2025,,,,"53,400.00"
,,,10/14/2025,,70078.65,,"269,960.00"
,,,10/14/2025,,178556.22,,"2,686,074.00"
,,,10/14/2025,,1730.49,,"18,840.00"
,,,10/13/2025,,90969.14,,"1,100,531.00"
,,,10/13/2025,,528,,"5,860.00"
,,,10/13/2025,,31918,,"1,267,200.00"
,,,10/13/2025,,"31,371.43",,"1,267,200.00"
,,,10/13/2025,,,,"45,000.00"
,,,10/13/2025,,1443.8,,"37,355.00"
,,,10/13/2025,,2400,,"19,000.00"
,,,10/13/2025,,60818.65,,"910,540.00"
,,,10/13/2025,,2400,,"1,500.00"
,,,10/13/2025,,7788.22,,"92,679.00"
,,,10/10/2025,,1118.45,,"9,092.00"
,,,10/10/2025,,5027.5,,"73,500.00"
,,,10/10/2025,,,,"8,000.00"
,,,10/10/2025,,"62,743",,"2,534,400.00"
,,,10/10/2025,,,,"45,000.00"
,,,10/10/2025,,4227,,"27,600.00"
,,,10/09/2025,,"204,502.67",,"2,298,394.00"
,,,10/09/2025,,4176,,"49,680.00"
,,,10/09/2025,,12058.5,,"18,000.00"
,,,10/09/2025,,1472,,"24,350.00"
,,,10/09/2025,,1890,,"12,264.00"
,,,10/09/2025,,583,,"1,500.00"
,,,10/08/2025,,54504.58,,"724,800.00"
,,,10/08/2025,,583,,"17,967.00"
,,,10/08/2025,,3586.55,,"126,680.00"
,,,10/07/2025,,5185,,"94,000.00"
,,,10/06/2025,,7978,,"100,460.00"
,,,10/06/2025,,"14,578",,"486,550.00"
,,,10/06/2025,,7556.28,,"75,322.00"
,,,10/06/2025,,20853.75,,"347,550.00"
,,,10/06/2025,,"86,398",,"1,362,816.00"
,,,10/06/2025,,0,,"20,000.00"
,,,10/06/2025,,3954.82,,0.00
,,,10/06/2025,,,,"30,780.00"
,,,10/06/2025,,11428,,"98,319.00"
,,,10/06/2025,,498,,"5,880.00"
,,,10/06/2025,,21786.53,,"373,206.00"
,,,10/03/2025,,197560.32,,"2,131,125.00"
,,,10/03/2025,,0,,"36,288.00"
,,,10/02/2025,,6203.95,,"229,389.00"
,,,10/02/2025,,6089.52,,"107,544.00"
,,,10/02/2025,,1498,,"21,840.00"
,,,10/02/2025,,0,,"5,000.00"
,,,10/02/2025,,1125,,"21,000.00"
,,,10/02/2025,,17954,,"196,526.00"
,,,10/02/2025,,1048,,"11,508.00"
,,,10/01/2025,,4582.33,,"113,910.00"
,,,10/01/2025,,3400,,"52,700.00"
,,,10/01/2025,,330,,"5,080.00"
,,,10/01/2025,,6946.51,,"74,230.00"
,,,10/01/2025,,"14,742",,"121,920.00"
,,,10/01/2025,,8157.12,,"107,648.00"
,,,09/30/2025,,28750,,"319,600.00"
,,,09/30/2025,,65613,,"717,144.00"
,,,09/30/2025,,1847.19,,"25,125.00"
,,,09/30/2025,,,,"4,480.00"
,,,09/30/2025,,"4,292.95",,"147,510.00"
,,,09/30/2025,,,,"1,500.00"
,,,09/30/2025,,"200,100",,"2,649,600.00"
,,,09/29/2025,,16029.4,,"438,340.00"
,,,09/29/2025,,,,"100,000.00"
,,,09/29/2025,,966.08,,"15,210.00"
,,,09/29/2025,,4400,,"49,600.00"
,,,09/29/2025,,29611.91,,"564,486.00"
,,,09/29/2025,,,,"12,000.00"
,,,09/29/2025,,860,,"9,320.00"
,,,09/29/2025,,7253,,"103,640.00"
,,,09/29/2025,,7990.48,,"107,402.00"
,,,09/29/2025,,,,"3,000.00"
,,,09/26/2025,,6073.33,,"75,190.00"
,,,09/25/2025,,900,,"26,400.00"
,,,09/25/2025,,312363.96,,"2,921,102.00"
,,,09/25/2025,,1130,,"16,460.00"
,,,09/25/2025,,6411,,"6,125.00"
,,,09/25/2025,,109710.9,,"1,834,251.00"
,,,09/25/2025,,59874.7,,"1,573,990.00"
,,,09/25/2025,,"59,535",,"870,000.00"
,,,09/25/2025,,,,"136,000.00"
,,,09/25/2025,,20345,,"290,000.00"
,,,09/24/2025,,6142,,"192,000.00"
,,,09/24/2025,,57600,,"2,592,000.00"
,,,09/24/2025,,,,"55,000.00"
,,,09/24/2025,,"79,880",,"1,160,000.00"
,,,09/24/2025,,900,,"47,475.00"
,,,09/23/2025,,"295,312",,"2,009,091.00"
,,,09/23/2025,,5041.01,,"176,412.00"
,,,09/23/2025,,45869.3,,"516,535.00"
,,,09/23/2025,,,,"50,000.00"
,,,09/23/2025,,12813.6,,"139,930.00"
,,,09/23/2025,,54100,,"189,600.00"
,,,09/23/2025,,6168.03,,"67,200.00"
,,,09/23/2025,,12058.5,,0.00
,,,09/23/2025,,12058.5,,0.00
,,,09/23/2025,,,,"38,000.00"
,,,09/23/2025,,273,,"3,615.00"
,,,09/23/2025,,54100,,"2,570.00"
,,,09/23/2025,,30910,,"798,978.00"
,,,09/23/2025,,,,"11,500.00"
,,,09/22/2025,,9485,,"279,700.00"
,,,09/22/2025,,4418.25,,"78,645.00"
,,,09/22/2025,,,,"10,000.00"
,,,09/22/2025,,791,,"16,063.00"
,,,09/22/2025,,,,"1,500.00"
,,,09/22/2025,,4141.75,,"53,402.00"
,,,09/22/2025,,23806.68,,"245,053.00"
,,,09/22/2025,,2090.16,,"28,299.00"
,,,09/22/2025,,16606,,0.00
,,,09/22/2025,,15550.27,,"131,815.00"
,,,09/22/2025,,3432,,"48,510.00"
,,,09/22/2025,,435,,"6,430.00"
,,,09/22/2025,,435,,"6,430.00"
,,,09/22/2025,,87,,"1,286.00"
,,,09/22/2025,,87,,"1,286.00"
,,,09/22/2025,,8535,,"93,450.00"
,,,09/22/2025,,1050,,"31,500.00"
,,,09/22/2025,,7777.49,,"256,416.00"
,,,09/22/2025,,,,"3,000.00"
,,,09/22/2025,,118048,,"2,054,733.00"
,,,09/22/2025,,"7,778.72",,0.00
,,,09/19/2025,,"13,084",,"310,220.00"
,,,09/19/2025,,,,"1,500.00"
,,,09/19/2025,,2629.34,,"25,257.34"
,,,09/19/2025,,163131.43,,"2,575,872.00"
,,,09/19/2025,,,,"100,000.00"
,,,09/18/2025,,7133.76,,"92,800.00"
,,,09/18/2025,,32878.58,,"513,500.00"
,,,09/18/2025,,,,"9,000.00"
,,,09/18/2025,,57600,,"2,419,200.00"
,,,09/18/2025,,230400,,"9,676,800.00"
,,,09/18/2025,,"57,600.00",,"2,419,200.00"
,,,09/18/2025,,2027,,"7,132.00"
,,,09/18/2025,,667,,"14,152.00"
,,,09/18/2025,,59810,,"1,549,250.00"
,,,09/18/2025,,,,"12,000.00"
,,,09/17/2025,,891,,"18,691.00"
,,,09/17/2025,,5395.88,,"143,078.00"
,,,09/17/2025,,54512.52,,"597,625.47"
,,,09/17/2025,,91060.72,,"1,262,500.00"
,,,09/17/2025,,,,"9,000.00"
,,,09/16/2025,,,,"30,000.00"
,,,09/16/2025,,0,,"1,500.00"
,,,09/16/2025,,28430,,"425,416.00"
,,,09/16/2025,,939.22,,"6,400.00"
,,,09/16/2025,,22269.57,,"296,565.00"
,,,09/16/2025,,,,"18,144.00"
,,,09/15/2025,,4970,,"54,670.00"
,,,09/15/2025,,"35,937.84",,"364,973.00"
,,,09/15/2025,,73908.26,,"800,465.00"
,,,09/15/2025,,,,"18,144.00"
,,,09/15/2025,,54416,,"2,201,472.00"
,,,09/15/2025,,0,,"55,000.00"
,,,09/15/2025,,2947,,"32,237.00"
,,,09/15/2025,,8600.93,,"92,733.00"
,,,09/15/2025,,6080,,"66,880.00"
,,,09/12/2025,,5015,,"72,500.00"
,,,09/12/2025,,9094,,"263,459.00"
,,,09/12/2025,,,,"466,210.00"
,,,09/12/2025,,"35,937.84",,"60,000.00"
,,,09/12/2025,,1325.36,,"36,190.00"
,,,09/12/2025,,1225,,"36,220.00"
,,,09/12/2025,,,,"35,000.00"
,,,09/12/2025,,3.4,,140.00
,,,09/12/2025,,,,0.00
,,,09/12/2025,,8201.14,,"91,123.00"
,,,09/12/2025,,10450.92,,"112,110.00"
,,,09/11/2025,,11495,,"2,114,110.00"
,,,09/11/2025,,4510,,"50,225.00"
,,,09/11/2025,,15942.64,,"163,150.00"
,,,09/11/2025,,,,"26,000.00"
,,,09/11/2025,,99437.15,,"3,672,000.00"
,,,09/11/2025,,52425.43,,"749,254.00"
,,,09/11/2025,,6418.48,,"76,460.00"
,,,09/11/2025,,"12,033",,"358,410.00"
,,,09/11/2025,,,,"3,000.00"
,,,09/10/2025,,24060.51,,"286,669.00"
,,,09/10/2025,,43631.58,,0.00
,,,09/10/2025,,,,"3,900.00"
,,,09/10/2025,,0,,0.00
,,,09/10/2025,,"60,687",,"1,943,086.80"
,,,09/10/2025,,,,0.00
,,,09/09/2025,,18545,,"362,500.00"
,,,09/09/2025,,137032.5,,"1,444,750.00"
,,,09/09/2025,,0,,"35,000.00"
,,,09/09/2025,,113891.93,,"2,171,100.00"
,,,09/09/2025,,2142.86,,"36,000.00"
,,,09/09/2025,,627,,"5,450.00"
,,,09/09/2025,,2130,,0.00
,,,09/08/2025,,"82,043",,"2,042,583.00"
,,,09/08/2025,,,,"52,000.00"
,,,09/08/2025,,9600,,"28,000.00"
,,,09/08/2025,,1080,,"12,200.00"
,,,09/08/2025,,37078,,"828,000.00"
,,,09/08/2025,,121,,"2,277.00"
,,,09/08/2025,,2700.06,,"47,700.00"
,,,09/08/2025,,48236.84,,0.00
,,,09/08/2025,,,,0.00
,,,09/08/2025,,1385.4,,"19,580.00"
,,,09/08/2025,,"4,398.31",,"147,510.00"
,,,09/08/2025,,4511.26,,"120,000.00"
,,,09/08/2025,,2850,,"31,500.00"
,,,09/08/2025,,35629.20,,"113,776.00"
,,,09/05/2025,,4000,,"30,500.00"
,,,09/05/2025,,51.72,,732.00
,,,09/05/2025,,"4,756.12",,"116,516.12"
,,,09/05/2025,,,,"3,000.00"
,,,09/05/2025,,15912.86,,"156,040.00"
,,,09/04/2025,,32.85,,"1,273.00"
,,,09/04/2025,,99437.15,,"3,672,000.00"
,,,09/04/2025,,"401,322",,"12,384,000.00"
,,,09/04/2025,,13840,,"368,815.00"
,,,09/04/2025,,7278,,"152,916.00"
,,,09/04/2025,,188928,,"4,061,952.00"
,,,09/04/2025,,,,0.00
,,,09/04/2025,,193023.06,,"2,317,203.00"
,,,09/04/2025,,,,"5,400.00"
,,,09/04/2025,,"80,983.61",,0.00
,,,09/03/2025,,9723,,"165,702.00"
,,,09/03/2025,,695,,"7,615.00"
,,,09/03/2025,,10231.92,,"125,938.00"
,,,09/02/2025,,"172,800.00",,"2,534,400.00"
,,,09/02/2025,,"115,200.00",,"2,476,800.00"
,,,09/02/2025,,,,"5,000.00"
,,,09/02/2025,,77155,,"1,253,060.00"
,,,09/02/2025,,3767.04,,"98,460.00"
,,,09/02/2025,,51435,,"641,760.00"
,,,09/01/2025,,19011,,"395,000.00"
,,,09/01/2025,,382.55,,"14,065.00"
,,,09/01/2025,,134032.6,,"2,865,244.00"
,,,09/01/2025,,10000,,"50,000.00"
,,,09/01/2025,,56150.3,,0.00
,,,09/01/2025,,1170.5,,0.00
,,,09/01/2025,,"1,173.54",,"55,119.00"
,,,09/01/2025,,1696.9,,"23,950.00"
,,,09/01/2025,,20783.14,,"566,307.00"
,,,09/01/2025,,4511.26,,"120,514.00"
,,,09/01/2025,,,,"1,500.00"
,,,09/01/2025,,83109.6,,"2,457,669.60"
,,,08/29/2025,,"21,643.08",,"341,920.00"
,,,08/29/2025,,,,"30,000.00"
,,,08/28/2025,, 8521,,"405,000.00"
,,,08/28/2025,,,,"3,144,960.00"
,,,08/28/2025,,494.46,,"16,612.00"
,,,08/27/2025,,494.46,,"7,960.00"
,,,08/27/2025,,31129.25,,"298,766.00"
,,,08/27/2025,,,,"18,144.00"
,,,08/27/2025,,52795.32,,"573,021.00"
,,,08/27/2025,,,,"18,144.00"
,,,08/27/2025,,976,,"7,476.00"
,,,08/27/2025,,7400.85,,"97,945.00"
,,,08/27/2025,,"14,574.54",,"50,256.00"
,,,08/27/2025,,56,,"1,158.00"
,,,08/27/2025,,570,,"14,440.00"
,,,08/27/2025,,"14,574.54",,"383,926.00"
,,,08/27/2025,,7257,,"103,640.00"
,,,08/26/2025,,4200,,"57,000.00"
,,,08/26/2025,,,,0.00
,,,08/26/2025,,1175.27,,"22,448.00"
,,,08/26/2025,,,,"5,000.00"
,,,08/26/2025,,,,250.00
,,,08/26/2025,,,,"1,930.00"
,,,08/26/2025,,5870,,"75,160.00"
,,,08/26/2025,,9267,,"125,967.00"
,,,08/26/2025,,5712.64,,"50,432.00"
,,,08/22/2025,,500,,"10,700.00"
,,,08/22/2025,,226040,,"2,648,430.00"
,,,08/22/2025,,,,"64,000.00"
,,,08/22/2025,,7415,,"96,500.00"
,,,08/22/2025,,432,,"3,100.00"
,,,08/22/2025,,,,"3,000.00"
,,,08/22/2025,,66615.60,,"783,360.00"
,,,08/22/2025,,,,"38,000.00"
,,,08/22/2025,,2362.7,,"29,700.00"
,,,08/22/2025,,12411.6,,0.00
,,,08/22/2025,,12201.6,,0.00
,,,08/20/2025,,"28,604.7",,"63,000.00"
,,,08/20/2025,,38437.72,,"701,233.00"
,,,08/20/2025,,,,"3,500.00"
,,,08/20/2025,,24717.52,,"9,799,988.00"
,,,08/20/2025,,70838.50,,"431,994.00"
,,,08/20/2025,,84960,,"715,540.00"
,,,08/19/2025,,6487,,"114,177.00"
,,,08/19/2025,,97425.45,,"1,412,140.00"
,,,08/19/2025,,97425.45,,"18,120.00"
,,,08/19/2025,,"29,911",,"309,925.00"
,,,08/19/2025,,"12,864",,"155,550.00"
,,,08/19/2025,,9068.98,,"75,717.00"
,,,08/18/2025,,5760,,"449,280.00"
,,,08/18/2025,,,,"1,500.00"
,,,08/18/2025,,83409.67,,"910,898.00"
,,,08/18/2025,,,,"35,000.00"
,,,08/18/2025,,"72,467",,"786,000.00"
,,,08/18/2025,,,,"9,000.00"
,,,08/18/2025,,"183,677",,"1,873,273.00"
,,,08/18/2025,,,,"70,000.00"
,,,08/18/2025,,,,"7,000.00"
,,,08/18/2025,,"28,604.7",,"1,366,657.00"
,,,08/18/2025,,,,"32,000.00"
,,,08/18/2025,,1970,,"13,810.00"
,,,08/15/2025,,5609.08,,"70,750.00"
,,,08/15/2025,,24235.2,,"294,336.00"
,,,08/15/2025,,90306.94,,"1,153,708.00"
,,,08/15/2025,,,,"18,144.00"
,,,08/15/2025,,2812,,"37,660.00"
,,,08/15/2025,,218743.35,,"5,961,945.90"
,,,08/15/2025,,3545.6,,"74,492.00"
,,,08/15/2025,,462,,"2,772.00"
,,,08/15/2025,,56780.04,,"574,343.19"
,,,08/15/2025,,"6,947.7",,"58,830.00"
,,,08/15/2025,,2218,,"29,350.00"
,,,08/15/2025,,2218,,"227,520.00"
,,,08/15/2025,,2218,,"6,000.00"
,,,08/15/2025,,1978,,"28,500.00"
,,,08/14/2025,,13075,,"39,500.00"
,,,08/14/2025,,3852,,"67,356.00"
,,,08/14/2025,,416332,,"2,419,200.00"
,,,08/14/2025,,12960,,"656,640.00"
,,,08/14/2025,,,,"13,500.00"
,,,08/14/2025,,,,"244,000.00"
,,,08/14/2025,,25517.74,,"305,239.62"
,,,08/14/2025,,31231.87,,0.00
,,,08/14/2025,,5437,,"50,637.00"
,,,08/13/2025,,"1,226.16",,"32,408.00"
,,,08/13/2025,,0,,"7,000.00"
,,,08/13/2025,,70457.2,,"5,300,000.00"
,,,08/13/2025,,21370,,"1,100,000.00"
,,,08/13/2025,,23450,,"690,000.00"
,,,08/13/2025,,19285.72,,"222,750.00"
,,,08/13/2025,,,,"10,080.00"
,,,08/13/2025,,11338,,"71,496.00"
,,,08/13/2025,,5392,,"59,155.00"
,,,08/13/2025,,,,"6,500.00"
,,,08/13/2025,,1900,,"21,000.00"
,,,08/13/2025,,2631,,"95,900.00"
,,,08/13/2025,,75065.14,,"1,842,048.00"
,,,08/13/2025,,109885.53,,"2,000,130.00"
,,,08/13/2025,,0,,"22,500.00"
,,,08/13/2025,,84,,"1,756.00"
,,,08/13/2025,,7124.67,,"210,686.00"
,,,08/13/2025,,7124.67,,"30,000.00"
,,,08/13/2025,,21803.71,,"486,366.00"
,,,08/12/2025,,17142.45,,"150,049.00"
,,,08/12/2025,,15765,,"98,854.00"
,,,08/12/2025,,,,"1,349,100.00"
,,,08/12/2025,,49292.27,,"1,507,574.38"
,,,08/12/2025,,10318.65,,"325,461.36"
,,,08/12/2025,,1280,,"46,080.00"
,,,08/12/2025,,400,,"10,500.00"
,,,08/12/2025,,6253.92,,"63,774.00"
,,,08/11/2025,,,,0.00
,,,08/11/2025,,53493.43,,"794,799.00"
,,,08/11/2025,,316029,,0.00
,,,08/11/2025,,,,0.00
,,,08/11/2025,,,,"90,372.25"
,,,08/11/2025,,1714,,"14,245.00"
,,,08/11/2025,,45840,,"1,969,920.00"
,,,08/11/2025,,75065.14,,"1,842,048.00"
,,,08/08/2025,,48860.85,,"732,995.90"
,,,08/08/2025,,3398.01,,"57,708.00"
,,,08/08/2025,,224,,"2,338.00"
,,,08/07/2025,,14996.57,,"311,040.00"
,,,08/07/2025,,14996.57,,"311,040.00"
,,,08/07/2025,,14996.57,,"311,040.00"
,,,08/07/2025,,14996.57,,"311,040.00"
,,,08/07/2025,,"19,769.74",,"307,620.00"
,,,08/07/2025,,"18,787.90",,"312,298.00"
,,,08/07/2025,,,,"1,500.00"
,,,08/07/2025,,11215,,"189,000.00"
,,,08/07/2025,,"124,407",,"1,326,550.00"
,,,08/07/2025,,,,"50,000.00"
,,,08/07/2025,,41503,,"824,000.00"
,,,08/07/2025,,30388,,"334,268.00"
,,,08/07/2025,,4970,,0.00
,,,08/06/2025,,,,"1,500.00"
,,,08/06/2025,,11200,,"39,500.00"
,,,08/06/2025,,,,"1,500.00"
,,,08/06/2025,,3360,,"11,850.00"
,,,08/06/2025,,5600,,"19,750.00"
,,,08/06/2025,,5309.04,,"72,054.00"
,,,08/06/2025,,18709,,"357,136.00"
,,,08/06/2025,,183086,,"1,572,480.00"
,,,08/06/2025,,,,"9,750.00"
,,,08/05/2025,,13075,,"278,900.00"
,,,08/05/2025,,3920,,"135,500.00"
,,,08/05/2025,,2583.23,,"70,873.00"
,,,08/05/2025,,3500,,"5,600.00"
,,,08/05/2025,,1626.72,,"21,832.00"
,,,08/05/2025,,27655,,"549,840.00"
,,,08/05/2025,,15059,,"539,136.00"
,,,08/04/2025,,20540,,"887,040.00"
,,,08/04/2025,,"17,713.51",,"331,848.00"
,,,08/04/2025,,"8,078.66",,"105,449.00"
,,,08/01/2025,,30214,,"493,999.00"
,,,08/01/2025,,27348.58,,"518,000.00"
,,,08/01/2025,,,,"7,500.00"
,,,08/01/2025,,26084.86,,"460,700.00"
,,,08/01/2025,,49.72,,0.00
,,,07/31/2025,,6805.05,,"224,916.00"
,,,07/31/2025,,4780,,"74,000.00"
,,,07/31/2025,,,,"8,000.00"
,,,07/31/2025,,,,"14,294.00"
,,,07/31/2025,,68272.92,,"990,275.00"
,,,07/31/2025,,95229,,"1,478,579.00"
,,,07/31/2025,,38273.2,,"510,160.00"
,,,07/31/2025,,"172,002.02",,"2,307,426.00"
,,,07/31/2025,,27920.88,,"356,722.00"
,,,07/31/2025,,10480.87,,"107,943.00"
,,,07/31/2025,,2949.70,,"16,156.00"
,,,07/31/2025,,,,"25,095.00"
,,,07/30/2025,,1184,,"31,600.00"
,,,07/30/2025,,,,"5,000.00"
,,,07/30/2025,,"118,294.1",,"1,444,750.00"
,,,07/30/2025,,,,"35,000.00"
,,,07/29/2025,,37126,,"759,502.00"
,,,07/29/2025,,1893.02,,"58,208.00"
,,,07/29/2025,,1893.02,,"6,550.00"
,,,07/29/2025,,,,"3,000.00"
,,,07/29/2025,,18400,,"882,400.00"
,,,07/29/2025,,,,"12,400.00"
,,,07/28/2025,,"40,835",,"655,680.00"
,,,07/28/2025,,9123.16,,"174,436.00"
,,,07/28/2025,,,,"7,200.00"
,,,07/28/2025,,950,,"27,360.00"
,,,07/28/2025,,"9,968",,"177,120.00"
,,,07/28/2025,,,,"1,500.00"
,,,07/25/2025,,"20,144.2",,"432,880.00"
,,,07/25/2025,,,,"5,000.00"
,,,07/25/2025,,,,"2,304,000.00"
,,,07/24/2025,,9923.5,,0.00
,,,07/24/2025,,9923.5,,0.00
,,,07/24/2025,,1508,,"14,750.00"
,,,07/24/2025,,20007,,"321,855.00"
,,,07/24/2025,,,,"8,000.00"
,,,07/24/2025,,450,,"12,960.00"
,,,07/24/2025,, 3971.83,,"107,700.00"
,,,07/24/2025,,3300,,"53,400.00"
,,,07/24/2025,,680,,"8,800.00"
,,,07/23/2025,,39231,,"507,230.00"
,,,07/23/2025,,0,,"38,000.00"
,,,07/23/2025,,5151.3,,"152,424.00"
,,,07/21/2025,,"3,977.3",,"110,475.00"
,,,07/21/2025,,,,"8,000.00"
,,,07/21/2025,,36423.33,,"690,475.00"
,,,07/21/2025,,89578.38,,"2,019,733.76"
,,,07/18/2025,,9818,,"79,867.00"
,,,07/18/2025,,28097.86,,"523,000.00"
,,,07/18/2025,,2240,,"42,380.00"
,,,07/17/2025,,4190.46,,"51,710.00"
,,,07/17/2025,,1354,,"35,060.00"
,,,07/17/2025,,6312,,"32,300.00"
,,,07/17/2025,,16728.86,,"248,820.00"
,,,07/16/2025,,31167.575,,"319,907.00"
,,,07/16/2025,,,,"18,144.00"
,,,07/16/2025,,5805.83,,"206,150.00"
,,,07/16/2025,,7499.2,,"7,500.00"
,,,07/16/2025,,3578.18,,"106,674.00"
,,,07/16/2025,,5916.29,,"63,042.00"
,,,07/16/2025,,29703.8,,"938,610.00"
,,,07/16/2025,,0,,"1,500.00"
,,,07/15/2025,,"GK=53,953",,"440,574.00"
,,,07/15/2025,,,,"9,000.00"
,,,07/15/2025,,"90,883.5",,"1,276,009.96"
,,,07/15/2025,,26032.56,,"392,239.96"
,,,07/15/2025,,61769.86,,"792,201.62"
,,,07/15/2025,,"11,178",,"59,173.00"
,,,07/14/2025,,7029.18,,"100,512.00"
,,,07/14/2025,,39089.84,,"543,000.00"
,,,07/14/2025,,2000,,"15,600.00"
,,,07/14/2025,,"31,764.28",,"318,420.00"
,,,07/14/2025,,4404.91,,"56,180.00"
,,,07/14/2025,,10749,,"117,450.00"
,,,07/10/2025,,1711,,"35,611.00"
,,,07/10/2025,,,,"10,000.00"
,,,07/10/2025,,"10,023.39",,"232,387.82"
,,,07/10/2025,,24717.52,,"9,600.00"
,,,07/10/2025,,24717.52,,"585,210.30"
,,,07/10/2025,,67698.85,,"1,549,009.00"
,,,07/10/2025,,,,"9,000.00"
,,,07/10/2025,,13900.5,,"169,200.00"
,,,07/10/2025,,6283,,"99,242.00"
,,,07/10/2025,,0,,"6,500.00"
,,,07/10/2025,,1568,,"14,552.00"
,,,07/09/2025,,9922,,"153,900.00"
,,,07/09/2025,,78102.37,,"1,146,140.00"
,,,07/09/2025,,78102.37,,0.00
,,,07/09/2025,,3171.34,,"53,844.00"
,,,07/09/2025,,,,450.00
,,,07/09/2025,,595,,"8,555.00"
,,,07/09/2025,,31341,,"658,161.00"
,,,07/08/2025,,26958,,"1,663,200.00"
,,,07/08/2025,,,,"5,000.00"
,,,07/08/2025,,18507,,"564,600.00"
,,,07/08/2025,,9118,,"298,629.00"
,,,07/08/2025,,,,"2,500.00"
,,,07/08/2025,,43200,,"1,641,600.00"
,,,07/08/2025,,,,"1,500.00"
,,,07/07/2025,,2424,,"61,500.00"
,,,07/07/2025,,109104,,"1,669,300.00"
,,,07/07/2025,,1464,,"19,110.00"
,,,07/07/2025,,61144.29,,"743,040.00"
,,,07/07/2025,,6498.23,,"164,944.00"
,,,07/07/2025,,,,"1,500.00"
,,,07/07/2025,,1803,,"6,180.00"
,,,07/07/2025,,4733.04,,0.00
,,,07/07/2025,, 29845.53,,"521,098.00"
,,,07/07/2025,,"21,658.28",,"852,645.00"
,,,07/07/2025,,320,,"9,216.00"
,,,07/04/2025,,45101.09,,"555,829.00"
,,,07/04/2025,,"36,625.32",,"744,408.00"
,,,07/04/2025,,"30,656.79",,"66,960.00"
,,,07/04/2025,,11010,,"329,914.00"
,,,07/04/2025,,,,"5,000.00"
,,,07/04/2025,,"1,805.43",,"36,800.00"
,,,07/04/2025,,"3,852",,0.00
,,,07/04/2025,,"7,178.49",,"238,500.00"
,,,07/04/2025,,,,"80,000.00"
,,,07/04/2025,,"49,215.34",,"926,787.00"
,,,07/04/2025,,,,"1,500.00"
,,,07/04/2025,,,,"18,700.00"
,,,07/03/2025,,8980,,"172,380.00"
,,,07/03/2025,,,,"1,500.00"
,,,07/03/2025,,848,,"11,250.00"
,,,07/02/2025,,9026.26,,"187,457.00"
,,,07/02/2025,,,,"10,500.00"
,,,07/02/2025,,68267,,"954,650.00"
,,,07/02/2025,,,,"35,000.00"
,,,07/02/2025,,5700,,"176,300.00"
,,,07/02/2025,,,,"50,000.00"
,,,07/01/2025,,46221.21,,"2,017,918.00"
,,,07/01/2025,,,,"65,000.00"
,,,07/01/2025,,4070,,"41,552.00"
,,,07/01/2025,,55201.54,,"2,134,071.00"
,,,07/01/2025,,,,"13,500.00"
,,,07/01/2025,,,,"6,300.00"
,,,06/30/2025,,14400,,"1,065,600.00"
,,,06/30/2025,,11344.2,,"295,680.00"
,,,06/30/2025,,11192.39,,"147,030.00"
,,,06/30/2025,,89757.05,,"1,561,285.00"
,,,06/30/2025,," 48,255.75",,"533,213.68"
,,,06/30/2025,,120353.63,,"1,290,027.81"
,,,06/30/2025,,141511.9,,"1,939,180.52"
,,,06/30/2025,,15320,,"1,536,280.00"
,,,06/30/2025,,41702,,"782,579.00"
,,,06/30/2025,,,,"2,250.00"
,,,06/27/2025,,25867,,"349,000.00"
,,,06/27/2025,,9906.19,,"93,506.00"
,,,06/26/2025,,11540,,"28,000.00"
,,,06/26/2025,,49920,,"820,000.00"
,,,06/26/2025,,,,"10,500.00"
,,,06/26/2025,,2572,,"24,832.00"
,,,06/26/2025,,2300,,"66,000.00"
,,,06/26/2025,,,,"6,000.00"
,,,06/26/2025,,,,"247,680.00"
,,,06/26/2025,,,,"30,000.00"
,,,06/25/2025,,2922,,"18,161.00"
,,,06/25/2025,,11890.07,,"195,605.00"
,,,06/25/2025,,18959.18,,"244,755.00"
,,,06/25/2025,,,,"18,144.00"
,,,06/25/2025,,1130,,"14,670.00"
,,,06/25/2025,,20725.72,,"366,000.00"
,,,06/25/2025,,8123.70,,"87,569.17"
,,,06/24/2025,,6613.18,,"148,904.00"
,,,06/24/2025,,6138.9,,"72,455.00"
,,,06/24/2025,,768,,"15,968.00"
,,,06/23/2025,,5458.68,,"47,051.68"
,,,06/23/2025,,,,"10,000.00"
,,,06/23/2025,,"19,038",,"156,000.00"
,,,06/23/2025,,,,"9,850.00"
,,,06/23/2025,,568.32,,"6,228.00"
,,,06/23/2025,,"62,580",,"463,680.00"
,,,06/23/2025,,,,"5,250.00"
,,,06/23/2025,,63222.86,,"1,056,840.00"
,,,06/23/2025,,"78,221",,"684,350.00"
,,,06/23/2025,,,,0.00
,,,06/23/2025,,2382,,"50,022.00"
,,,06/23/2025,,8640,,"639,360.00"
,,,06/23/2025,,8640,,0.00
,,,06/23/2025,,81265.72,,"1,435,230.00"
,,,06/23/2025,,6144,,"90,240.00"
,,,06/23/2025,,,,"5,600.00"
,,,06/23/2025,,18192,,"554,400.00"
,,,06/20/2025,,24063.93,,"52,560.00"
,,,06/19/2025,,4016.27,,"132,743.00"
,,,06/19/2025,,,,"1,500.00"
,,,06/19/2025,,3193,,"60,006.00"
,,,06/18/2025,,,,"2,246,400.00"
,,,06/18/2025,,,,"2,304,000.00"
,,,06/18/2025,,510,,"3,750.00"
,,,06/18/2025,,36867.86,,"596,885.00"
,,,06/18/2025,,"61,400",,"2,188,800.00"
,,,06/18/2025,,18034.9,,"173,419.00"
,,,06/18/2025,,7420,,"139,000.00"
,,,06/18/2025,,0,,"7,200.00"
,,,06/18/2025,,,,"9,000.00"
,,,06/18/2025,,10110,,"214,870.00"
,,,06/18/2025,,7488.48,,"70,500.00"
,,,06/17/2025,,28800,,"2,160,000.00"
,,,06/17/2025,,,,"25,000.00"
,,,06/17/2025,,28800,,"2,160,000.00"
,,,06/17/2025,,,,"25,000.00"
,,,06/17/2025,,40453.99,,"407,955.00"
,,,06/17/2025,,1200,,"5,200.00"
,,,06/17/2025,,91180,,"3,888,000.00"
,,,06/17/2025,,2127,,"63,816.00"
,,,06/17/2025,,80991.99,,"1,041,492.00"
,,,06/17/2025,,,,"18,144.00"
,,,06/17/2025,,4180.38,,"123,695.00"
,,,06/17/2025,,916,,"19,196.00"
,,,06/17/2025,,3862,,"44,252.00"
,,,06/16/2025,,47600,,"2,160,000.00"
,,,06/16/2025,,30476.58,,"555,048.00"
,,,06/16/2025,,12786,,"245,148.00"
,,,06/16/2025,,,,"8,000.00"
,,,06/13/2025,,966.08,,"17,734.08"
,,,06/13/2025,,36514.29,,"1,123,200.00"
,,,06/13/2025,,5532.04,,"144,621.00"
,,,06/11/2025,,27944.22,,"764,383.00"
,,,06/11/2025,,,,"25,750.00"
,,,06/11/2025,,"25,876.7",,"82,035.00"
,,,06/11/2025,,40,,745.00
,,,06/11/2025,,2168,,"62,178.00"
,,,06/11/2025,,"146,058",,"4,550,400.00"
,,,06/11/2025,,,,"207,360.00"
,,,06/11/2025,,37666.29,,"306,416.00"
,,,06/10/2025,,18075.78,,"450,757.00"
,,,06/10/2025,,0,,"9,000.00"
,,,06/10/2025,,3127,,"33,704.16"
,,,06/10/2025,,0,,"11,000.00"
,,,06/10/2025,,12451.12,,"31,305.12"
,,,06/10/2025,,19620.28,,"678,000.00"
,,,06/10/2025,,"11,116",,"364,750.00"
,,,06/10/2025,,,,"5,000.00"
,,,06/10/2025,,"16,528.16",,"531,487.18"
,,,06/10/2025,,2197.8,,"32,051.88"
,,,06/09/2025,,,,"50,517.00"
,,,06/09/2025,,"24,415.95",,"644,690.06"
,,,06/09/2025,,1945,,"49,198.00"
,,,06/09/2025,,4007.57,,"58,143.00"
,,,06/09/2025,,,,"30,200.00"
,,,06/05/2025,,"27,986",,"302,500.00"
,,,06/05/2025,,6193,,"73,485.00"
,,,06/05/2025,,,,"7,400.00"
,,,06/05/2025,,8298.33,,"146,810.00"
,,,06/05/2025,,491,,0.00
,,,06/05/2025,,9914,,"14,600.00"
,,,06/04/2025,,460,,"5,020.00"
,,,06/04/2025,,13203.39,,"173,035.66"
,,,06/04/2025,,10170.17,,"129,559.92"
,,,06/04/2025,,"357,909",,"4,112,640.00"
,,,06/04/2025,,,,"17,000.00"
,,,06/04/2025,,6405.48,,"84,548.00"
,,,06/04/2025,,10190,,"218,500.00"
,,,06/04/2025,,6100,,"80,531.00"
,,,06/04/2025,,,,"8,000.00"
,,,06/03/2025,,54034,,"737,670.00"
,,,06/03/2025,,6451,,"45,600.00"
,,,06/02/2025,,2435.4,,"38,075.40"
,,,06/02/2025,,2083.51,,"53,899.00"
,,,06/02/2025,,56134.76,,"627,112.00"
,,,06/02/2025,,1820,,"27,670.00"
,,,06/02/2025,,4938,,"88,298.00"
,,,06/02/2025,,4938,,"1,500.00"
,,,06/02/2025,,,,"60,000.00"
,,,05/30/2025,,29946.98,,"406,360.00"
,,,05/30/2025,,0,,"17,000.00"
,,,05/30/2025,,"13,791",,"227,520.00"
,,,05/30/2025,,,,"1,500.00"
,,,05/29/2025,, 76656.53,,"910,231.00"
,,,05/29/2025,,,,"18,144.00"
,,,05/29/2025,,109,,"1,370.00"
,,,05/28/2025,,66404.36,,"887,184.00"
,,,05/28/2025,," 20,106.50",,"401,688.20"
,,,05/28/2025,,181822.03,,"2,078,150.00"
,,,05/28/2025,,,,"36,288.00"
,,,05/28/2025,,"58,670.5",,"499,750.00"
,,,05/28/2025,,,,0.00
,,,05/28/2025,,,,"7,500.00"
,,,05/28/2025,,14% = 8587,,0.00
,,,05/28/2025,,5085.69,,"72,740.00"
,,,05/27/2025,,1692,,"15,792.00"
,,,05/27/2025,,"89,326",,"4,492,000.00"
,,,05/27/2025,,1224.35,,"16,445.00"
,,,05/27/2025,,,,"7,000.00"
,,,05/27/2025,,2300,,"66,000.00"
,,,05/27/2025,,,,"6,000.00"
,,,05/27/2025,,533.5,,"11,203.50"
,,,05/26/2025,,"5,171.66",,"134,338.00"
,,,05/26/2025,,0,,"1,500.00"
,,,05/26/2025,,11712.34,,"300,062.00"
,,,05/23/2025,,"4.5% = 83,081.84",,"1,846,975.00"
,,,05/23/2025,,12029.36,,"50,400.00"
,,,05/23/2025,,"7,547.59",,"99,845.00"
,,,05/23/2025,,1124.5,,"17,374.50"
,,,05/23/2025,,"21,776.74",,"278,081.00"
,,,05/23/2025,,,,"1,500.00"
,,,05/23/2025,,"129,163.2",,"1,620,000.00"
,,,05/23/2025,,"129,163.2",,0.00
,,,05/23/2025,,32779.5,,"364,650.00"
,,,05/23/2025,,,,"11,475.00"
,,,05/22/2025,,30166.46,,"784,280.28"
,,,05/22/2025,,6959.52,,"206,669.50"
,,,05/22/2025,,"6,461.65",,"61,473.00"
,,,05/22/2025,,8731.5,,0.00
,,,05/22/2025,,"3.2% -41,840",,"1,296,000.00"
,,,05/22/2025,,"105,514.64",,"1,377,500.00"
,,,05/22/2025,,9115.5,,"233,550.00"
,,,05/22/2025,,,,0.00
,,,05/21/2025,,12248.33,,"164,450.00"
,,,05/21/2025,,"34,960",,"1,108,800.00"
,,,05/21/2025,,"16,371.6",,"199,240.00"
,,,05/21/2025,,,,"10,800.00"
,,,05/21/2025,,2172,,"17,100.00"
,,,05/21/2025,,1230,,"11,460.00"
,,,05/21/2025,,20736,,"656,640.00"
,,,05/21/2025,,,,"4,500.00"
,,,05/21/2025,,34560,,"1,094,400.00"
,,,05/21/2025,,287911.65,,"4,429,610.00"
,,,05/21/2025,,,,0.00
,,,05/21/2025,,,,"23,000.00"
,,,05/21/2025,,7425.93,,"74,861.00"
,,,05/20/2025,,7% -7860.06,,"111,700.40"
,,,05/20/2025,,"10% 655,200",,"6,552,000.00"
,,,05/20/2025,,5565.5,,"115,638.00"
,,,05/20/2025,,,,"8,000.00"
,,,05/20/2025,,1000,,"5,950.00"
,,,05/20/2025,,174120,,"3,348,000.00"
,,,05/19/2025,,195,,"4,110.00"
,,,05/19/2025,,13571.25,,"302,143.00"
,,,05/19/2025,,,,"30,495.00"
,,,05/19/2025,,1110.12,,"5,880.00"
,,,05/19/2025,,10520,,"218,500.00"
,,,05/19/2025,,192,,"2,112.00"
,,,05/16/2025,,"41,059.12",,"853,698.00"
,,,05/16/2025,,,,"17,500.00"
,,,05/16/2025,,1757,,"9,730.00"
,,,05/16/2025,,"12,957",,"47,250.00"
,,,05/16/2025,,"30,750.88",,"544,284.00"
,,,05/16/2025,,,,"23,840.00"
,,,05/16/2025,,10520,,"218,500.00"
,,,05/15/2025,,23100,,"317,800.00"
,,,05/15/2025,,95807.42,,"1,703,775.00"
,,,05/15/2025,,"15,057",,"20,400.00"
,,,05/15/2025,,12802.44,,"218,920.00"
,,,05/14/2025,,2487.6,,"27,215.00"
,,,05/14/2025,,1642,,"25,620.00"
,,,05/14/2025,,139776.40,,"3,412,800.00"
,,,05/14/2025,,12250,,"45,000.00"
,,,05/14/2025,,"15,057",,"29,764.00"
,,,05/13/2025,,,,"7,900.00"
,,,05/13/2025,,45279.5,,"496,600.00"
,,,05/13/2025,,45310,,"493,825.00"
,,,05/13/2025,,21828.6,,"230,600.00"
,,,05/13/2025,,7500,,"69,500.00"
,,,05/13/2025,,,,"70,000.00"
,,,05/13/2025,,252,,"3,321.00"
,,,05/13/2025,,172,,"1,800.00"
,,,05/13/2025,,28137.43,,"582,350.00"
,,,05/13/2025,,,,"46,144.00"
,,,05/13/2025,,183174.69,,"2,340,585.00"
,,,05/13/2025,,,,"92,824.00"
,,,05/09/2025,,1274,,"11,900.00"
,,,05/09/2025,,1587,,"27,708.00"
,,,05/09/2025,,1179,,"18,142.00"
,,,05/09/2025,,1904,,"36,000.00"
,,,05/09/2025,,,,"4,000.00"
,,,05/08/2025,,80284.52,,"1,547,748.00"
,,,05/08/2025,,4113,,"83,181.00"
,,,05/08/2025,,950,,"10,500.00"
,,,05/08/2025,,5400,,"50,700.00"
,,,05/07/2025,,13352.16,,"227,270.00"
,,,05/07/2025,,,,"37,050.00"
,,,05/07/2025,,753,,"8,268.00"
,,,05/06/2025,,47075,,"808,900.00"
,,,05/06/2025,,,,"20,000.00"
,,,05/06/2025,,28975,,"520,000.00"
,,,05/06/2025,,,,"20,000.00"
,,,05/06/2025,,502,,"5,512.00"
,,,05/06/2025,,86717.14,,"1,459,158.00"
,,,05/06/2025,,250,,"2,500.00"
,,,05/06/2025,,2653,,"38,376.00"
,,,05/05/2025,,8734,,"75,640.00"
,,,05/05/2025,,31050,,"516,000.00"
,,,05/05/2025,,615,,"6,720.00"
,,,05/05/2025,,2522,,"32,864.00"
,,,05/05/2025,,800,,"6,800.00"
,,,05/05/2025,,382,,"4,749.00"
,,,05/05/2025,,48548.29,,"394,900.00"
,,,05/05/2025,,80870.40,,"1,497,600.00"
,,,05/05/2025,,1679.52,,"16,864.00"
,,,05/02/2025,,50398,,"905,400.00"
,,,05/02/2025,,,,"4,320,000.00"
,,,04/30/2025,,1068,,"11,604.00"
,,,04/30/2025,,11700,,"168,750.00"
,,,04/30/2025,,,,"2,131,200.00"
,,,04/30/2025,,2678.91,,"29,406.00"
,,,04/30/2025,,,,"6,450.00"
,,,04/29/2025,,,,"1,100.00"
,,,04/29/2025,,,,"4,432,896.00"
,,,04/29/2025,,,,"58,200.00"
,,,04/29/2025,,,,"2,216,448.00"
,,,04/29/2025,,24355,,"835,385.00"
,,,04/29/2025,,,,"19,600.00"
,,,04/29/2025,,4984.59,,"87,477.00"
,,,04/29/2025,,15844.66,,"278,481.00"
,,,04/29/2025,,750,,"8,100.00"
,,,04/29/2025,,590,,"6,250.00"
,,,04/29/2025,,2039.5,,"31,920.00"
,,,04/28/2025,,255.09,,"4,387.00"
,,,04/28/2025,,,,"451,660.00"
,,,04/28/2025,,,,"2,200.00"
,,,04/28/2025,,,,"2,131,200.00"
,,,04/28/2025,,,,"2,131,200.00"
,,,04/28/2025,,,,"2,131,200.00"
,,,04/28/2025,,,,"14,000.00"
,,,04/28/2025,,,,"14,000.00"
,,,04/28/2025,,,,"14,000.00"
,,,04/28/2025,," 2,002.00",,"22,430.00"
,,,04/28/2025,,7826.11,,"120,150.00"
,,,04/28/2025,,"3,402",,"68,000.00"
,,,04/25/2025,,"84,858.03",,"2,301,027.38"
,,,04/25/2025,,"9,962.30",,"150,174.00"
,,,04/25/2025,,0,,"8,000.00"
,,,04/25/2025,,"15,551.90",,"154,950.00"
,,,04/25/2025,,"23,278.38",,"417,549.00"
,,,04/25/2025,,"12,036",,"53,720.00"
,,,04/25/2025,,,,"1,500.00"
,,,04/25/2025,,,,"2,557,440.00"
,,,04/24/2025,,,,"2,131,200.00"
,,,04/24/2025,,"25,895.61",,"342,050.00"
,,,04/24/2025,,,,"25,000.00"
,,,04/24/2025,," 1,834.06",,"50,122.00"
,,,04/24/2025,,"8,761",,"109,282.00"
,,,04/24/2025,,"7,180.50",,"95,268.00"
,,,04/24/2025,,,,"4,500.00"
,,,04/24/2025,," 16,528.50",,"486,649.00"
,,,04/23/2025,,"6,302.77",,"37,875.00"
,,,04/23/2025,,"5,490.85",,"57,068.00"
,,,04/23/2025,,,,"745,920.00"
,,,04/23/2025,,,,"5,250.00"
,,,04/23/2025,,"1,404.45",,"16,245.90"
,,,04/22/2025,,550.00,,"10,500.00"
,,,04/22/2025,,"2,032.50",,"33,600.00"
,,,04/22/2025,,"3,464.80",,"51,742.15"
,,,04/22/2025,,"6,186.19",,"71,218.00"
,,,04/21/2025,,"9,382.50",,"104,292.00"
,,,04/21/2025,,"9,295.89",,"159,242.00"
,,,04/21/2025,,"21,812.40",,"1,080,000.00"
,,,04/21/2025,,"6,302.77",,"37,875.00"
,,,04/21/2025,," 2,450.00",,"74,200.00"
,,,04/16/2025,,,,"322,848.00"
,,,04/16/2025,,,,"23,875.00"
,,,04/16/2025,,,,"1,614,240.00"
,,,04/16/2025,,,,"23,875.00"
,,,04/16/2025,,"13,387.00",,"165,728.78"
,,,04/16/2025,,,,"1,210,680.00"
,,,04/16/2025,,,,"15,000.00"
,,,04/15/2025,,"8,103",,"102,000.00"
,,,04/15/2025,,420,,"5,620.00"
,,,04/15/2025,,"131,270.94",,"1,770,836.00"
,,,04/15/2025,,,,"36,288.00"
,,,04/15/2025,," 23,983.77",,"368,299.00"
,,,04/15/2025,,,,"19,040.00"
,,,04/15/2025,,"10,180.67",,"137,033.40"
,,,04/14/2025,,"1,307.50",,"15,448.00"
,,,04/14/2025,,"1,059.70",,"11,335.00"
,,,04/14/2025,,,,"1,108,800.00"
,,,04/14/2025,,"4,326.00",,"65,700.00"
,,,04/14/2025,,,,"3,665,203.20"
,,,04/11/2025,,"71,641.06",,"961,845.00"
,,,04/11/2025,,,,"28,940.00"
,,,04/10/2025,," 5,599.58",,"263,525.00"
,,,04/10/2025,," 7,922.36",,"118,900.00"
,,,04/10/2025,,,,"12,375.00"
,,,04/10/2025,,,,"628,992.00"
,,,04/10/2025,," 1,351.40",,"18,191.40"
,,,04/08/2025,,"9,530.20",,"116,200.20"
,,,04/08/2025,,"6,000",,"69,000.00"
,,,04/08/2025,,"29,359.42",,"695,020.00"
,,,04/08/2025,,,,"41,250.00"
,,,04/07/2025,,,,"1,385,280.00"
,,,04/07/2025,,,,"9,750.00"
,,,04/04/2025,,"1,953.20",,"52,440.00"
,,,04/04/2025,,"4,220",,"19,460.00"
,,,04/04/2025,,345.70,,"5,746.00"
,,,04/04/2025,,"16,048.65",,"594,658.00"
,,,04/04/2025,,0,,"31,500.00"
,,,04/04/2025,," 4,828.80",,"137,137.00"
,,,04/04/2025,,"22,392.25",,"427,487.76"
,,,04/03/2025,,,,"941,184.00"
,,,04/03/2025,,"4,856.40",,"71,791.27"
,,,04/03/2025,,"6,392.77",,"115,785.00"
,,,04/02/2025,,,,"60,000.00"
,,,04/02/2025,,"14,051.79",,"252,500.00"
,,,04/02/2025,,2056,,"17,366.00"
,,,04/02/2025,,,,"1,108,800.00"
,,,04/02/2025,," 4,682.76",,"85,888.00"
,,,04/02/2025,,,,"7,250.00"
,,,03/31/2025,,"2,324.65",,"68,500.00"
,,,03/31/2025,," 9,286.87",,"123,615.00"
,,,03/31/2025,,"10,708.61",,"155,344.00"
,,,03/31/2025,,,,"2,246,400.00"
,,,03/31/2025,,,,"1,108,800.00"
,,,03/28/2025,,"74,723.52",,"716,509.00"
,,,03/28/2025,,"4,025.00",,"43,400.00"
,,,03/28/2025,,,,"1,460,160.00"
,,,03/28/2025,,,,"1,460,160.00"
,,,03/28/2025,,,,"1,347,840.00"
,,,03/28/2025,,,,"2,186,496.00"
,,,03/28/2025,,,,"26,000.00"
,,,03/28/2025,," 4,756.00",,"181,550.00"
,,,03/28/2025,," 26,152.27",,"788,218.00"
,,,03/28/2025,,,,"21,525.00"
,,,03/28/2025,," 24,381.00",,"451,500.00"
,,,03/28/2025,,,,"4,147,200.00"
,,,03/28/2025,,"2,889.00",,"50,517.00"
,,,03/28/2025,,194.80,,"3,660.00"
,,,03/28/2025,,"5,274.76",,"288,736.00"
,,,03/28/2025,,,,"11,925.00"
,,,03/27/2025,,,,"15,000.00"
,,,03/27/2025,,"3,851.00",,"36,800.00"
,,,03/27/2025,," 1,554.27",,"16,468.00"
,,,03/27/2025,,"8,892.36",,"157,000.00"
,,,03/27/2025,,,,0.00
,,,03/27/2025,," 4,742.12",,"173,978.00"
,,,03/27/2025,,,,"27,750.00"
,,,03/27/2025,,,,"224,640.00"
,,,03/26/2025,,946.78,,"50,746.00"
,,,03/26/2025,,521,,100.00
,,,03/26/2025,,"19,900.15",,"252,600.00"
,,,03/26/2025,,,,"18,144.00"
,,,03/26/2025,," 8,834.20",,"179,780.00"
,,,03/26/2025,,,,"7,700.00"
,,,03/25/2025,," 8,418.24",,0.00
,,,03/25/2025,,,,"2,073,600.00"
,,,03/25/2025,,,,0.00
,,,03/25/2025,,,,"60,000.00"
,,,03/25/2025,,521,,"4,100.00"
,,,03/25/2025,,"6,756.05",,"88,227.00"
,,,03/25/2025,,"17,562.85",,"395,230.86"
,,,03/25/2025,,,,"10,400.00"
,,,03/25/2025,,"22,082.99",,"497,912.06"
,,,03/25/2025,,0,,"10,400.00"
,,,03/24/2025,," 6,881.60",,"24,910.00"
,,,03/24/2025,,"17,840.36",,"154,336.00"
,,,03/24/2025,,0,,"5,800.00"
,,,03/24/2025,,"32,504.38",,"671,813.00"
,,,03/24/2025,,0,,"9,000.00"
,,,03/24/2025,,"15,817.70",,"321,662.00"
,,,03/24/2025,,,,"1,684,800.00"
,,,03/24/2025,,,,"18,000.00"
,,,03/22/2025,,,,"16,588,800.00"
,,,03/21/2025,,,,"1,555,200.00"
,,,03/21/2025,,0,,"16,160.00"
,,,03/21/2025,,"4,593.43",,"77,400.00"
,,,03/21/2025,,,,"14,625.00"
,,,03/21/2025,,"4,593.43",,"77,400.00"
,,,03/21/2025,,,,"14,625.00"
,,,03/21/2025,,,,"2,073,600.00"
,,,03/21/2025,,,,"15,000.00"
,,,03/21/2025,," 5,202.40",,"110,355.56"
,,,03/21/2025,,,,"1,460,160.00"
,,,03/21/2025,,,,"1,460,160.00"
,,,03/21/2025,,,,"1,347,840.00"
,,,03/21/2025,,,,"561,600.00"
,,,03/20/2025,,"17,340",,"345,000.00"
,,,03/20/2025,,340.00,,"8,000.00"
,,,03/20/2025,,3352,,"54,800.00"
,,,03/20/2025,,300/12.5%,,"2,400.00"
,,,03/20/2025,,280.00,,"2,550.00"
,,,03/20/2025,,,,"2,009,280.00"
,,,03/20/2025,,0,,"26,500.00"
,,,03/20/2025,,"44,255.00",,"898,500.00"
,,,03/20/2025,,,,"1,108,800.00"
,,,03/20/2025,,,,"2,020,422.00"
,,,03/20/2025,,,,"38,750.00"
,,,03/20/2025,,28685.06/11.5%,,"248,040.00"
,,,03/20/2025,,,,"60,000.00"
,,,03/19/2025,,"177,333.73",,"8,507,216.34"
,,,03/19/2025,,,,"4,060,800.00"
,,,03/18/2025,,"14,842.86",,"157,600.00"
,,,03/18/2025,,,,"7,950.00"
,,,03/18/2025,,"3,112.50",,0.00
,,,03/18/2025,,,,"4,147,200.00"
,,,03/18/2025,,,,"28,600.00"
,,,03/18/2025,,,,"2,073,600.00"
,,,03/17/2025,,,,"4,350.00"
,,,03/17/2025,,"45,643.00",,"494,044.00"
,,,03/17/2025,,,,"65,500.00"
,,,03/17/2025,,"12,150.63",,"104,007.00"
,,,03/17/2025,,,,"1,261,440.00"
,,,03/14/2025,,"1,440.00",,"15,840.00"
,,,03/14/2025,,,,"4,320,000.00"
,,,03/14/2025,,,,0.00
,,,03/14/2025,,,,"1,202,688.00"
,,,03/14/2025,,,,"57,150.00"
,,,03/14/2025,,"3,468.50",,"42,450.00"
,,,03/14/2025,,"14,475.70",,"151,620.00"
,,,03/14/2025,,526.22,,"5,920.00"
,,,03/14/2025,,"2,414.87",,"34,990.00"
,,,03/13/2025,,"164,399.00",,"959,200.00"
,,,03/13/2025,,0,,0.00
,,,03/13/2025,,,,"426,240.00"
,,,03/13/2025,,,,"2,073,600.00"
,,,03/13/2025,,,,0.00
,,,03/13/2025,,79740/10%,,"760,500.00"
,,,03/12/2025,," 22,419.90",,"376,160.00"
,,,03/12/2025,,,,0.00
,,,03/12/2025,,,,"1,460,160.00"
,,,03/12/2025,,"113,647.96",,"1,789,989.00"
,,,03/12/2025,,"7,782.68",,"73,080.00"
,,,03/12/2025,,"1,212.00",,"8,512.00"
,,,03/12/2025,,,,"1,460,160.00"
,,,03/12/2025,,,,"2,073,600.00"
,,,03/12/2025,,0,,"17,025.00"
,,,03/12/2025,,"3,504.00",,"63,600.00"
,,,03/11/2025,,444/9%,,"4,920.00"
,,,03/11/2025,,"2,403.00",,"81,000.00"
,,,03/11/2025,,,,"8,000.00"
,,,03/11/2025,,2981.54/25.9%,,"11,468.00"
,,,03/10/2025,,,,"168,000.00"
,,,03/10/2025,,,,"2,016,000.00"
,,,03/10/2025,,,,"2,073,600.00"
,,,03/10/2025,,28229.30/27.3%,,"103,058.00"
,,,03/10/2025,,,,"4,368,000.00"
,,,03/10/2025,,16.14%/34489.55,,"213,689.55"
,,,03/10/2025,,0,,"15,000.00"
,,,03/10/2025,, 847.70,,"13,841.70"
,,,03/10/2025,,,,"1,460,160.00"
,,,03/10/2025,,,,"1,347,840.00"
,,,03/07/2025,," 2,273.15",,"25,516.00"
,,,03/07/2025,,616.00,,"20,690.00"
,,,03/07/2025,,,,"803,712.00"
,,,03/07/2025,,,,"36,825.00"
,,,03/07/2025,," 45,524.55",,"473,765.00"
,,,03/07/2025,,,,"35,000.00"
,,,03/07/2025,,30185,,"153,585.00"
,,,03/07/2025,,,,"35,000.00"
,,,03/07/2025,," 67,058.00",,"333,215.00"
,,,03/07/2025,,2317/9.3%,,"24,690.00"
,,,03/06/2025,,"11,092.50",,"84,585.00"
,,,03/06/2025,,"3,348.00",,"36,720.00"
,,,03/06/2025,,,,"207,360.00"
,,,03/06/2025,,717.67/5.6%,,"12,656.80"
,,,03/05/2025,," 3,490.00",,"45,000.00"
,,,03/05/2025,,1942.72/2.9%,,"92,921.20"
,,,03/05/2025,,0,,"7,300.00"
,,,03/05/2025,,826/10%,,"7,996.00"
,,,03/05/2025,,16315/6.4%,,"252,500.00"
,,,03/04/2025,,"6,882.05",,"79,980.00"
,,,03/04/2025,,"3,705.75",,"50,170.47"
,,,03/04/2025,,111388/5%,,"2,221,056.00"
,,,03/04/2025,,0,,"90,000.00"
,,,03/04/2025,," 6,538.80",,"46,920.00"
,,,03/04/2025,,,,"5,000.00"
,,,03/04/2025,,,,"1,832,601.60"
,,,03/03/2025,,"6,371.56",,"55,120.00"
,,,03/03/2025,,"1,920.00",,"25,612.00"
,,,03/03/2025,,610/9.74%,,"6,264.00"
,,,03/03/2025,,"23,960/7.45%",,"321,616.00"
,,,02/28/2025,,7912.65/17.4%,,"44,352.25"
,,,02/28/2025,,,,"20,736,000.00"
,,,02/28/2025,,,,"19,874,400.00"
,,,02/28/2025,,"29,091.57",,"276,106.00"
,,,02/28/2025,,0,,"17,000.00"
,,,02/28/2025,,1810.40/15.2%,,"11,888.00"
,,,02/28/2025,,23318/9.2%,,"251,488.00"
,,,02/28/2025,,0,,"18,020.00"
,,,02/28/2025,,875/24.9%,,"3,510.00"
,,,02/28/2025,,,,"4,089,600.00"
,,,02/28/2025,,531.57,,"26,061.00"
,,,02/28/2025,,"  1,980.00 /7.9%",,"34,400.00"
,,,02/28/2025,,,,400.00
,,,02/28/2025,,0,,0.00
,,,02/28/2025,,,,"1,460,160.00"
,,,02/28/2025,,,,"1,460,160.00"
,,,02/27/2025,,,,"2,016,000.00"
,,,02/27/2025,,,,"20,000.00"
,,,02/27/2025,,,,"1,065,600.00"
,,,02/27/2025,,,,"17,800.00"
,,,02/27/2025,," 17,864.00",,"277,900.00"
,,,02/27/2025,,,,"15,000.00"
,,,02/27/2025,,14462.08/7%,,"204,000.00"
,,,02/27/2025,,0,,"15,456.00"
,,,02/27/2025,,1752.87/8.8%,,"19,788.00"
,,,02/27/2025,,157.80/14%,,"10,620.00"
,,,02/27/2025,,0,,"4,950.00"
,,,02/27/2025,,"14,653.03",,"207,832.80"
,,,02/27/2025,,"18,022.46",,"290,615.05"
,,,02/27/2025,,"46,692.76",,"653,058.00"
,,,02/27/2025,,,,"15,456.00"
,,,02/26/2025,," 5,781.00",,"116,100.00"
,,,02/26/2025,,"10,166.23",,"99,560.00"
,,,02/26/2025,,,,"29,264.00"
,,,02/26/2025,," 1,872.20",,"36,620.00"
,,,02/26/2025,,140/6.5%,,"2,140.00"
,,,02/26/2025,,,,"2,044,800.00"
,,,02/26/2025,,,,"28,000.00"
,,,02/26/2025,,,,"2,044,800.00"
,,,02/26/2025,,,,"28,000.00"
,,,02/26/2025,,"16,221.75",,"1,531,371.00"
,,,02/26/2025,,"8,713.31",,"114,842.00"
,,,02/25/2025,,732.40/6.7%,,"10,861.48"
,,,02/25/2025,,140/2%,,"6,986.00"
,,,02/25/2025,,,,"2,073,600.00"
,,,02/25/2025,,,,"14,300.00"
,,,02/25/2025,,,,"4,147,200.00"
,,,02/25/2025,,,,"29,700.00"
,,,02/25/2025,,,,"414,720.00"
,,,02/25/2025,,,,"4,950.00"
,,,02/25/2025,,,,"456,192.00"
,,,02/25/2025,,,,"4,950.00"
,,,02/25/2025,,,,"2,115,072.00"
,,,02/25/2025,,0,,"14,850.00"
,,,02/25/2025,,"3,530.81",,"63,801.00"
,,,02/25/2025,,39296/6.3%,,"614,400.00"
,,,02/25/2025,,1000/11%,,"8,500.00"
,,,02/25/2025,,14850/9.6%,,"153,902.76"
,,,02/24/2025,," 3,975.00",,"112,890.00"
,,,02/24/2025,,262.15,,"5,145.00"
,,,02/24/2025,,"30,000.00",,"375,000.00"
,,,02/24/2025,,,,"12,598.00"
,,,02/24/2025,,730/11.1%,,"6,550.00"
,,,02/24/2025,,586.50/24.9%,,"2,348.00"
,,,02/24/2025,," 15,990.00",,"569,000.00"
,,,02/24/2025,,340/26%,,"1,300.00"
,,,02/24/2025,,43939.20/5.4%,,"801,907.00"
,,,02/24/2025,,,,"2,073,600.00"
,,,02/24/2025,,0,,"14,000.00"
,,,02/24/2025,,124598.99/6.3%,,"1,970,382.00"
,,,02/21/2025,,"2,125.82",,"36,046.00"
,,,02/20/2025,,,,"2,500.00"
,,,02/20/2025,,3280,,"2,500.00"
,,,02/20/2025,,,,"1,555,200.00"
,,,02/20/2025,,,,"14,850.00"
,,,02/20/2025,,,,"1,555,200.00"
,,,02/20/2025,,,,"14,850.00"
,,,02/20/2025,,21800/6.7%,,"322,850.00"
,,,02/20/2025,,"14,059.55",,"363,242.00"
,,,02/20/2025,,0,,"9,500.00"
,,,02/19/2025,, 89.00,,"1,866.00"
,,,02/19/2025,,,,"2,188,800.00"
,,,02/19/2025,,16347/10.1%,,"160,594.00"
,,,02/19/2025,,"41,225.93",,"861,958.00"
,,,02/19/2025,,,,"9,000.00"
,,,02/19/2025,,"17,897.71",,"382,481.00"
,,,02/18/2025,,"2,126.67",,"33,116.00"
,,,02/18/2025,,,,"1,238.71"
,,,02/18/2025,,224031.11/10.1%,,"2,215,524.00"
,,,02/18/2025,,15720.79/9.7%,,"161,378.00"
,,,02/18/2025,,"10,292.00",,"221,004.00"
,,,02/18/2025,,6000,,"121,000.00"
,,,02/18/2025,,,,"5,000.00"
,,,02/18/2025,,7844.90/6.4%,,"121,254.90"
,,,02/17/2025,,"7,566.71",,"300,000.00"
,,,02/17/2025,,1878.80/10.8%,,"17,278.80"
,,,02/17/2025,,,,0.00
,,,02/17/2025,,,,0.00
,,,02/17/2025,,,,"1,704,960.00"
,,,02/17/2025,,,,"10,000.00"
,,,02/17/2025,,,,"1,532,160.00"
,,,02/17/2025,,"44,475.04",,"1,036,760.00"
,,,02/17/2025,,,,"28,940.00"
,,,02/17/2025,,4831/3%,,"158,410.00"
,,,02/17/2025,,2943/3.3%,,"87,900.00"
,,,02/17/2025,,2943/3.3%,,"87,900.00"
,,,02/14/2025,,4015.77,,"38,873.00"
,,,02/14/2025,,"8,605",,"13,460.00"
,,,02/14/2025,,,,"5,900.00"
,,,02/14/2025,,,,"3,750.00"
,,,02/14/2025,,,,"3,283,200.00"
,,,02/14/2025,,,,"36,000.00"
,,,02/13/2025,,"-2,428.00",,"146,350.00"
,,,02/13/2025,," 5,959.86",,"81,084.98"
,,,02/13/2025,,1820/9%,,"20,000.00"
,,,02/12/2025,,2982/6.63%,,"44,982.00"
,,,02/12/2025,,74863.21/8.5%,,"879,395.00"
,,,02/11/2025,,"4,958.10",,"121,045.50"
,,,02/11/2025,,0,,"7,950.00"
,,,02/11/2025,,,,"1,347,840.00"
,,,02/11/2025,,,,"5,500.00"
,,,02/11/2025,,"26,023.29",,"275,600.00"
,,,02/11/2025,,"4,968.72",,"62,698.05"
,,,02/11/2025,,29631.67/7.6%,,"387,906.00"
,,,02/11/2025,,0,,"12,546.00"
,,,02/11/2025,,686.00,,"6,980.00"
,,,02/11/2025,,"69,229.99",,"1,433,531.00"
,,,02/11/2025,,0,,"50,000.00"
,,,02/11/2025,,,,"2,009,280.00"
,,,02/11/2025,,,,"38,750.00"
,,,02/11/2025,,,,"2,009,280.00"
,,,02/11/2025,,,,"36,825.00"
,,,02/11/2025,," 1,409.90",,"40,294.00"
,,,02/10/2025,,6176,,"79,776.00"
,,,02/10/2025,,"18,690.00",,"155,190.00"
,,,02/10/2025,,0,,"2,500.00"
,,,02/10/2025,, 53.00,,824.00
,,,02/10/2025,,"31,904",,"486,082.00"
,,,02/10/2025,,2350/14.73%,,"15,950.00"
,,,02/10/2025,,9106/8.59% excluded 2% com,,"105,950.00"
,,,02/07/2025,,,,"2,131,200.00"
,,,02/07/2025,,,,"10,000.00"
,,,02/07/2025,," 14,777.60",,"577,695.00"
,,,02/07/2025,,,,"4,550,400.00"
,,,02/07/2025,,"5,831.69",,"50,318.20"
,,,02/07/2025,,0,,"2,500.00"
,,,02/07/2025,,425.60/27%,,"1,545.60"
,,,02/07/2025,,,,0.00
,,,02/06/2025,,"18,945.00",,"393,848.00"
,,,02/06/2025,,,,"17,000.00"
,,,02/06/2025,,,,"2,131,200.00"
,,,02/06/2025,,0,,"28,000.00"
,,,02/06/2025,,2501/31%,,"7,970.00"
,,,02/05/2025,,"25,894.80",,"405,694.80"
,,,02/05/2025,,9399.43/7.1%,,"132,000.00"
,,,02/05/2025,,46184.99/9.2%,,"501,879.00"
,,,02/05/2025,,0,,"10,500.00"
,,,02/05/2025,,14586.92/3.1%,,"456,530.00"
,,,02/05/2025,,0,,"12,456.00"
,,,02/05/2025,,4621.43/4.8%,,"95,180.00"
,,,02/05/2025,,55543.54/1.8%,,"3,150,244.00"
,,,02/05/2025,,,,"2,557,440.00"
,,,02/04/2025,,736.32,,"7,824.63"
,,,02/04/2025,," 6,574.75",,"143,563.00"
,,,02/04/2025,," 7,150.70",,"255,000.00"
,,,02/04/2025,,"197,385.39",,"9,339,709.95"
,,,02/04/2025,,"6,514.00",,"87,892.00"
,,,02/04/2025,,"5,328",,"72,204.00"
,,,02/04/2025,,"9,303.00",,"124,716.00"
,,,02/04/2025,,"6,049",,"81,614.00"
,,,02/04/2025,,31450.80,,"650,000.00"
,,,02/04/2025,,"4.74%/30,807",,"636,100.00"
,,,02/04/2025,,,,"30,750.00"
,,,02/04/2025,,,,"30,750.00"
,,,02/03/2025,,,,"33,000.00"
,,,02/03/2025,,,,"1,306,368.00"
,,,02/03/2025,,"1,934.75",,"26,160.00"
,,,02/03/2025,,236,,"5,909.00"
,,,02/03/2025,,773,,"8,584.00"
,,,02/03/2025,,773,,"8,584.00"
,,,01/31/2025,,"1,445.48",,"14,672.00"
,,,01/31/2025,,888,,"8,148.00"
,,,01/31/2025,,"1,480",,"13,580.00"
,,,01/31/2025,,"1,205.48",,"12,968.00"
,,,01/31/2025,,"17,514.96",,"304,900.00"
,,,01/30/2025,,"3,611.00",,"70,700.00"
,,,01/30/2025,,"3,544.25",,"381,896.96"
,,,01/30/2025,,"88,051.13",,"1,000,928.00"
,,,01/30/2025,,,,"36,288.00"
,,,01/28/2025,," 8,174.40",,"165,540.00"
,,,01/28/2025,," 5,700.70",,"73,158.00"
,,,01/28/2025,,,,"13,000.00"
,,,01/28/2025,,24.00,,572.00
,,,01/28/2025,,"9,523.50",,"145,418.00"
,,,01/28/2025,,"28,265.22",,"426,270.00"
,,,01/28/2025,,"31,300.12",,"744,257.20"
,,,01/28/2025,,,,"1,948,320.00"
,,,01/28/2025,,"2,444.78",,"58,158.00"
,,,01/27/2025,,"6,007",,"131,630.00"
,,,01/27/2025,," 18,693.94",,"244,634.40"
,,,01/27/2025,,,,"749,952.00"
,,,01/27/2025,,16926.81/4.5%,,"370,249.00"
,,,01/27/2025,,0,,"9,000.00"
,,,01/27/2025,,"2,747",,"92,840.00"
,,,01/27/2025,,"10,583.40",,"362,700.00"
,,,01/27/2025,,"44,260.48",,"60,200.00"
,,,01/27/2025,,0,,"43,621.16"
,,,01/27/2025,,39491.93/4.5%,,"862,300.00"
,,,01/24/2025,," 52,380.00",,"365,000.00"
,,,01/24/2025,,"3,224.25",,"43,600.00"
,,,01/24/2025,,1452,,"30,528.00"
,,,01/24/2025,,"19,334.92",,"216,454.92"
,,,01/24/2025,,,,"2,426,020.80"
,,,01/23/2025,,3479/6.6%,,"52,479.00"
,,,01/23/2025,,0,,"2,700.00"
,,,01/23/2025,,3511.56/3.5%,,0.00
,,,01/23/2025,,1127.16/7.6%,,"14,708.94"
,,,01/23/2025,,16200/9%,,"176,818.95"
,,,01/23/2025,,"12,124.10",,"103,033.00"
,,,01/23/2025,,9008/24%,,"37,276.00"
,,,01/22/2025,,"69,728.03",,0.00
,,,01/22/2025,,,,0.00
,,,01/22/2025,,"40,382.00",,"918,000.00"
,,,01/22/2025,,,,"1,500.00"
,,,01/22/2025,,5242.75/17%,,"30,403.00"
,,,01/22/2025,,,,"1,553,550.00"
,,,01/22/2025,,,,"21,000.00"
,,,01/22/2025,,"4,393.23",,0.00
,,,01/22/2025,,,,0.00
,,,01/22/2025,,14823.45/4.9%,,"299,100.00"
,,,01/21/2025,,"36,708.86",,"692,761.86"
,,,01/21/2025,,"5,614.58",,"110,200.00"
,,,01/20/2025,,3310/4.7%,,"69,000.00"
,,,01/17/2025,,"23,506.73",,"249,559.00"
,,,01/17/2025,,,,"18,144.00"
,,,01/17/2025,,"6,422.25",,"50,740.00"
,,,01/17/2025,,"3,600.00",,"49,000.00"
,,,01/17/2025,,"19,923.21",,"417,374.88"
,,,01/17/2025,,,,"29,960.00"
,,,01/16/2025,,"44,477.89",,"955,055.00"
,,,01/16/2025,,"19,778.56",,"282,220.00"
,,,01/16/2025,,"9,722.87",,"114,064.00"
,,,01/16/2025,,"10,285.27",,"142,378.00"
,,,01/16/2025,,33094.73/3.4%,,"970,526.70"
,,,01/16/2025,,0,,"48,000.00"
,,,01/16/2025,,23922/4.7%,,"507,456.00"
,,,01/16/2025,,2508.14/5%,,"50,057.00"
,,,01/15/2025,,"1,107",,"9,540.00"
,,,01/15/2025,,12689.96/20.9%,,"60,486.00"
,,,01/15/2025,,,,"1,000.00"
,,,01/15/2025,,"18,990.09",,"211,713.00"
,,,01/14/2025,,"22,403.04",,"355,230.00"
,,,01/14/2025,,,,"15,456.00"
,,,01/14/2025,,12207.88/12.3%,,"98,456.00"
,,,01/14/2025,,"12,693.71",,"400,381.45"
,,,01/14/2025,,"2,307.35",,"183,311.78"
,,,01/14/2025,," 3,562.00",,"26,055.00"
,,,01/14/2025,,110960.90/19.9%,,"555,760.00"
,,,01/14/2025,,,,"35,000.00"
,,,01/14/2025,, 888.04,,"11,583.00"
,,,01/14/2025,,,,"5,000.00"
,,,01/13/2025,,"1,309.00",,"17,561.00"
,,,01/13/2025,,"5,583.49",,"98,702.00"
,,,01/13/2025,,0,,"15,456.00"
,,,01/13/2025,,"31,715.08",,"201,911.56"
,,,01/13/2025,,"5,250.96",,"115,521.12"
,,,01/13/2025,,"3,789.98",,"301,170.18"
,,,01/13/2025,,"5,941.76",,"187,323.03"
,,,01/13/2025,,2850/25%,,"11,400.00"
,,,01/10/2025,," 38,715.40",,"396,290.00"
,,,01/10/2025,,"345,016",,"6,549,526.00"
,,,01/10/2025,,,,"200,000.00"
,,,01/10/2025,,"16,674",,"177,352.00"
,,,01/10/2025,,,,"13,000.00"
,,,01/10/2025,,"29,323.95",,"470,890.00"
,,,01/10/2025,,,,"18,144.00"
,,,01/10/2025,,"5,475",,"135,086.00"
,,,01/09/2025,,"399,793.57",,"1,309,535.00"
,,,01/09/2025,,0,,"33,000.00"
,,,01/09/2025,,19239.65/4.8%,,"397,500.00"
,,,01/08/2025,,"1,599",,"13,780.00"
,,,01/08/2025,," 5,082.64",,"119,654.00"
,,,01/08/2025,,,,"1,500.00"
,,,01/08/2025,,"9,633/18.24%",,"52,800.00"
,,,01/07/2025,,,,"3,180.00"
,,,01/07/2025,,"62,153.85",,"1,353,538.55"
,,,01/07/2025,,0,,"22,500.00"
,,,01/07/2025,,"12,877.12",,"117,170.00"
,,,01/06/2025,,812.60/10.7%,,"7,560.00"
,,,01/06/2025,,,,"546,167.00"
,,,01/06/2025,,"22,924.52",,"347,594.00"
,,,01/06/2025,,0,,"10,500.00"
,,,01/06/2025,," 5,430.00",,"58,080.00"
,,,01/03/2025,,658/10.9%,,"6,020.00"
,,,01/03/2025,,"52,796.23",,"565,830.00"
,,,01/03/2025,,0,,"40,520.00"
,,,01/03/2025,,"5,617.36",,"60,508.00"
,,,01/03/2025,,0,,"13,500.00"
,,,01/03/2025,,7610.10/7.7%,,"98,355.10"
,,,01/02/2025,,"768,906",,"4,437,010.00"
,,,01/02/2025,,0,,"52,000.00"
,,,01/02/2025,,"2,621.00",,"88,360.00"
,,,01/02/2025,,0,,"8,000.00"
,,,01/02/2025,,"21,283.30",,"768,386.00"
,,,01/02/2025,,43908.65/4.6%,,"412,020.00"
,,,01/02/2025,,0,,"9,000.00"
,,,12/20/2024,,,,"3,825,792.00"
,,,12/18/2024,,"3,660.00",,"47,000.00"
,,,12/18/2024,,"4,233.46",,"43,854.87"
,,,12/18/2024,,89277.40,,"580,422.40"
,,,12/17/2024,,"8,297.06",,"174,980.00"
,,,12/17/2024,,4095/6%,,"67,500.00"
,,,12/17/2024,," 4,625.38",,"61,495.92"
,,,12/17/2024,,0,,"5,900.00"
,,,12/16/2024,,72168.81/8.9%,,"804,007.50"
,,,12/16/2024,,50.626.60,,"928,306.61"
,,,12/16/2024,,0,,"19,500.00"
,,,12/13/2024,," 50,886.23",,"1,441,736.14"
,,,12/13/2024,,0,,"19,125.00"
,,,12/12/2024,," 6,501.55",,"25,628.00"
,,,12/12/2024,,,,"1,399,680.00"
,,,12/12/2024,,"36,083.96",,"741,109.32"
,,,12/12/2024,,464.00,,"163,520.00"
,,,12/12/2024,,"20,362.35",,"421,302.12"
,,,12/12/2024,,2716.77/3.7%,,"72,223.00"
,,,12/12/2024,,"25,018.87",,"749,610.45"
,,,12/12/2024,,,,"14,000.00"
,,,12/12/2024,,7782.96,,"96,690.00"
,,,12/12/2024,," 1,669.50/3%",,"57,876.00"
,,,12/10/2024,,3314.08/3.2%,,"103,400.00"
,,,12/10/2024,, 762.00,,"17,264.00"
,,,12/10/2024,,,,"3,547,152.00"
,,,12/10/2024,,39210.88,,"976,948.00"
,,,12/10/2024,,0,,"41,580.00"
,,,12/09/2024,,"20,544/4.15%",,"136,507.87"
,,,12/06/2024,,"12,166.00",,"205,150.00"
,,,12/06/2024,,,,"28,900.00"
,,,12/06/2024,,0,,"4,500.00"
,,,12/06/2024,," 17,292.15",,"242,686.00"
,,,12/06/2024,,0,,"13,000.00"
,,,12/05/2024,,"1,607.14",,"17,290.00"
,,,12/05/2024,,,,"15,000.00"
,,,12/05/2024,,,,"6,500.00"
,,,12/04/2024,,"21,643.50",,"833,850.00"
,,,12/04/2024,,10630.35/5.2%,,"201,901.54"
,,,12/03/2024,,,,"590,400.00"
,,,12/03/2024,,"31,435.72",,"514,657.00"
,,,12/03/2024,,,,"7,651,584.00"
,,,12/02/2024,,4405/7.7%,,"56,980.00"
,,,12/02/2024,,5640/4.1%,,"137,000.00"
,,,12/02/2024,,42920.44/4.1%,,"1,032,454.08"
,,,12/02/2024,,,,"53,210.00"
,,,11/29/2024,,"4,046.0",,"54,876.00"
,,,11/29/2024,,"27,253.98",,"357,222.06"
,,,11/29/2024,,,,"1,283,040.00"
,,,11/29/2024,,17470.24/5.6%,,"306,518.71"
,,,11/29/2024,,"5,012.80",,"108,160.00"
,,,11/29/2024,,"86,571.39",,"386,251.74"
,,,11/29/2024,,,,"2,612,736.00"
,,,11/29/2024,,,,"1,749,600.00"
,,,11/28/2024,,"25,945.54",,"383,971.00"
,,,11/28/2024,,0,,"15,456.00"
,,,11/28/2024,,,,"2,661,984.00"
,,,11/28/2024,,6974.1/10.49%,,"65,178.92"
,,,11/28/2024,," 12,240.25",,"222,175.00"
,,,11/28/2024,,0,,"32,368.00"
,,,11/27/2024,,"3,665.15",,"59,200.00"
,,,11/27/2024,,22148.82/5.4%,,"409,996.74"
,,,11/27/2024,,"6,064.40",,"91,910.00"
,,,11/26/2024,,0,,200.00
,,,11/26/2024,,,,"1,190,592.00"
,,,11/26/2024,,0,,"7,950.00"
,,,11/26/2024,," 13,064.00",,"129,728.00"
,,,11/25/2024,,0,,"1,500.00"
,,,11/25/2024,,93104.62,,"1,278,832.03"
,,,11/25/2024,,13986.99,,"109,504.08"
,,,11/25/2024,,0,,"37,000.00"
,,,11/25/2024,,0,,200.00
,,,11/25/2024,,,,"290,304.00"
,,,11/22/2024,,85056,,0.00
,,,11/22/2024,,,,"1,497,600.00"
,,,11/22/2024,,,,0.00
,,,11/22/2024,,0,,0.00
,,,11/22/2024,,25160.98/10.5%,,"238,700.00"
,,,11/22/2024,,"5,100.00",,"54,000.00"
,,,11/21/2024,,"3,213.00",,"42,840.00"
,,,11/21/2024,,"1,341.00",,"20,500.00"
,,,11/21/2024,,0,,"5,000.00"
,,,11/20/2024,,"155,565/4.15%",,"3,745,027.89"
,,,11/20/2024,,4184.32/7.2%,,"57,820.00"
,,,11/19/2024,,12644.46/7.9%,,"159,000.00"
,,,11/19/2024,,"4,636/6.24%",,"74,298.15"
,,,11/19/2024,,1560/13%,,"12,000.00"
,,,11/19/2024,,,,"463,010.00"
,,,11/19/2024,,0,,"24,000.00"
,,,11/19/2024,,1943.60/3.6%,,"52,990.00"
,,,11/18/2024,,,,"4,780,800.00"
,,,11/18/2024,,673.95/14%,,"4,806.00"
,,,11/18/2024,,"139,027.22",,"950,525.40"
,,,11/18/2024,,0,,"13,500.00"
,,,11/18/2024,,7610.04/8.4%,,"89,571.53"
,,,11/15/2024,,"12,394.59",,"53,715.00"
,,,11/15/2024,,"5,200.00",,"55,250.00"
,,,11/14/2024,,,,"4,608,000.00"
,,,11/14/2024,,,,"1,749,600.00"
,,,11/14/2024,,"14,960/16.96%",,"88,189.00"
,,,11/14/2024,,488/13.48%,,"3,620.00"
,,,11/13/2024,,3752.80/11%,,"33,822.54"
,,,11/13/2024,,2346.77/8.2%,,"28,584.00"
,,,11/13/2024,,7414/8.4%,,"87,808.05"
,,,11/13/2024,,3201.35/6.3%,,"50,239.71"
,,,11/13/2024,,14175/6%,,"235,500.00"
,,,11/13/2024,,0,,"7,200.00"
,,,11/12/2024,,0,,"22,500.00"
,,,11/12/2024,,3314.08/3.2%,,"103,400.00"
,,,11/12/2024,,"25,632.86",,"138,000.00"
,,,11/12/2024,,12797.80/10.4%,,"122,370.00"
,,,11/12/2024,,0,,"1,500.00"
,,,11/12/2024,,15894.95/4.6%,,"342,958.00"
,,,11/12/2024,,0,,"9,000.00"
,,,11/12/2024,,"34,233.63",,"494,600.00"
,,,11/12/2024,,0,,"17,784.00"
,,,11/12/2024,,29164.81/6.6%,,"436,218.00"
,,,11/11/2024,,1704/13.5%,,"12,600.00"
,,,11/11/2024,,201510.82,,"4,367,880.46"
,,,11/11/2024,,0,,"4,950.00"
,,,11/11/2024,,"21,061.33",,"369,724.62"
,,,11/11/2024,,"19,501.61",,"353,845.70"
,,,11/11/2024,,41651/2.8%,,"1,478,980.00"
,,,11/11/2024,,0,,"50,000.00"
,,,11/11/2024,,,,"12,492,480.00"
,,,11/11/2024,,0,,"245,000.00"
,,,11/11/2024,,"16,297.60/4.50%",,"355,090.00"
,,,11/11/2024,,0,,"12,375.00"
,,,11/11/2024,, 724.00,,"5,950.00"
,,,11/11/2024,,64.00,,848.00
,,,11/11/2024,,810/6%,,"1,350.00"
,,,11/11/2024,,286.10/7.91%,,"3,616.00"
,,,11/08/2024,," 5,224.00",,"65,692.00"
,,,11/08/2024,,"18,052.20",,"84,860.00"
,,,11/07/2024,,,,"941,184.00"
,,,11/07/2024,,,,"60,000.00"
,,,11/07/2024,,"1,439.44",,"24,533.04"
,,,11/07/2024,,5735.40/7.5%,,"76,308.00"
,,,11/07/2024,,"4,550",,"83,520.00"
,,,11/07/2024,,,,0.00
,,,11/07/2024,,"8,274.65",,"959,322.00"
,,,11/07/2024,,0,,"26,000.00"
,,,11/07/2024,,19850/8.7%,,"225,844.00"
,,,11/07/2024,,,,"2,361,600.00"
,,,11/07/2024,,0,,0.00
,,,11/06/2024,,"2,784.29",,"74,000.00"
,,,11/06/2024,,,,"2,073,600.00"
,,,11/06/2024,,"114,609.98",,"2,412,192.00"
,,,11/06/2024,,"14,019.05",,"361,331.88"
,,,11/06/2024,,0,,"143,000.00"
,,,11/06/2024,,,,"873,600.00"
,,,11/06/2024,,0,,"5,000.00"
,,,11/05/2024,,"2,250.00",,"30,000.00"
,,,11/05/2024,,"26,064/7.52%",,"346,400.00"
,,,11/05/2024,,0,,"55,000.00"
,,,11/05/2024,," 14,097.00",,"738,300.00"
,,,11/05/2024,,"5,512",,"96,092.00"
,,,11/05/2024,,0,,"18,620.00"
,,,11/05/2024,,0,,"160,000.00"
,,,11/05/2024,," 2,124.83",,"27,177.83"
,,,11/05/2024,,"23,624",,"285,545.00"
,,,11/05/2024,,0,,"5,000.00"
,,,11/05/2024,,0,,"16,660.00"
,,,11/04/2024,,335.14,,"10,084.98"
,,,11/04/2024,,"4,077.48",,"61,632.00"
,,,11/04/2024,,833.47,,"12,070.00"
,,,11/04/2024,,"3,570.52",,"43,040.00"
,,,11/04/2024,,"6,108/9.71%",,"76,845.00"
,,,11/04/2024,,800.00,,"1,200.00"
,,,11/04/2024,,19885.29,,"508,916.62"
,,,11/04/2024,,"7,706/6.44%",,"77,240.00"
,,,11/04/2024,," 7,368.00",,"53,432.00"
,,,10/31/2024,,"43,126.05",,"1,692,147.20"
,,,10/30/2024,,"5,202.61",,"174,858.00"
,,,10/29/2024,,456/17.17%,,"2,656.00"
,,,10/29/2024,,"8,265.13",,"108,060.00"
,,,10/29/2024,,"8,265.13",,"108,060.00"
,,,10/29/2024,,"36,501.43",,"1,332,831.30"
,,,10/29/2024,,0,,"180,000.00"
,,,10/28/2024,,"6,806.46",,"60,900.00"
,,,10/28/2024,,3321.62/6.3%,,"51,924.54"
,,,10/28/2024,,"11,094.22",,"140,232.00"
,,,10/28/2024,,"19,367.65",,"86,397.00"
,,,10/28/2024,,0,,"18,020.00"
,,,10/25/2024,," 8,910.79",,"145,875.00"
,,,10/25/2024,,25504.96/5.7%,,"440,758.43"
,,,10/25/2024,," 14,920.25",,"370,494.80"
,,,10/25/2024,,0,,"33,836.00"
,,,10/24/2024,," 1,504.46",,"14,918.01"
,,,10/24/2024,,1810.24/18.2%,,"9,906.24"
,,,10/24/2024,,38776.26/4.3%,,"894,139.72"
,,,10/23/2024,,9.54%/2853,,"29,891.16"
,,,10/22/2024,, 768.50,,"15,726.00"
,,,10/22/2024,,,,"7,500.00"
,,,10/22/2024,,"26,158.89",,"519,285.00"
,,,10/22/2024,,18594.67,,"158,890.00"
,,,10/21/2024,,1267.58,,"11,303.94"
,,,10/21/2024,,789.60/9.2,,"8,510.71"
,,,10/21/2024,,,,"6,912,000.00"
,,,10/18/2024,,800,,"1,960.00"
,,,10/18/2024,,,,"2,332,800.00"
,,,10/18/2024,,,,"2,620,800.00"
,,,10/18/2024,,,,"4,780,800.00"
,,,10/18/2024,,"11,486/11.14%",,"103,086.00"
,,,10/18/2024,,0,,"2,700.00"
,,,10/18/2024,,7254/8.6%,,"83,520.00"
,,,10/18/2024,,1743.90/3.00%,,"57,273.98"
,,,10/17/2024,,"2,415.00",,"36,750.00"
,,,10/17/2024,,10475.01/8.4,,"123,784.17"
,,,10/16/2024,,,,"4,608,000.00"
,,,10/16/2024,,"41,012.57",,"220,800.00"
,,,10/16/2024,,"8,274.65",,"106,190.00"
,,,10/16/2024,, 730.80,,"13,020.00"
,,,10/16/2024,,0,,"5,000.00"
,,,10/16/2024,,,,"749,952.00"
,,,10/16/2024,," 11,960.00",,"370,000.00"
,,,10/16/2024,,1577.64,,"24,451.00"
,,,10/16/2024,,0,,"5,000.00"
,,,10/15/2024,,705.85,,"12,468.00"
,,,10/15/2024,,558,,"4,996.00"
,,,10/14/2024,," 5,767",,"22,256.00"
,,,10/14/2024,,"3,179.37",,"18,256.92"
,,,10/14/2024,,8232.77,,"121,550.00"
,,,10/14/2024,,243.80,,"2,643.80"
,,,10/14/2024,," 1,499.37",,"49,476.00"
,,,10/14/2024,,,,"11,400.00"
,,,10/14/2024,,,,"570,180.00"
,,,10/14/2024,,"3,493.58",,"141,000.00"
,,,10/14/2024,,,,0.00
,,,10/14/2024,,2729/12.50%,,"21,834.00"
,,,10/11/2024,," 4,712.35",,"87,695.00"
,,,10/11/2024,,394,,"13,552.00"
,,,10/10/2024,,6200/10.66%,,"55,450.00"
,,,10/10/2024,,985/18.47%,,"5,332.00"
,,,10/10/2024,,4348.26,,"55,758.04"
,,,10/10/2024,,"2,398",,"22,026.00"
,,,10/09/2024,,"5,650.36",,"99,748.00"
,,,10/09/2024,,"1,200.00",,"18,300.00"
,,,10/09/2024,,"3,796",,"27,878.00"
,,,10/09/2024,,720,,"4,320.00"
,,,10/09/2024,,5991/13.01%,,"46,046.00"
,,,10/09/2024,,,,"2,419,200.00"
,,,10/09/2024,,"4,334",,"21,010.00"
,,,10/09/2024,,3299/10.85%,,"30,401.00"
,,,10/09/2024,,"52,306.29",,"198,567.64"
,,,10/08/2024,," 48,502.00",,"533,692.00"
,,,10/08/2024,,"17,923.99",,"180,048.00"
,,,10/08/2024,,,,"9,850.00"
,,,10/08/2024,," 6,148.00",,"55,760.00"
,,,10/07/2024,,"2,625",,"46,375.00"
,,,10/04/2024,,"12,229.77",,"262,070.00"
,,,10/04/2024,,0,,"13,350.00"
,,,10/04/2024,," 4,864.58",,"161,101.00"
,,,10/03/2024,,1269/9.09%,,"13,964.00"
,,,10/03/2024,,,,"2,009,280.00"
,,,10/03/2024,," 4,952.77",,"169,330.00"
,,,10/03/2024,," 1,564.50",,"43,666.50"
,,,10/03/2024,," 5,094.50",,"78,150.00"
,,,10/03/2024,,720,,"4,320.00"
,,,10/03/2024,,"102,853.34",,"3,669,304.08"
,,,10/02/2024,,4640,,"70,500.00"
,,,10/02/2024,,407.10,,"120,000.00"
,,,10/02/2024,,3008.60,,"49,824.00"
,,,10/02/2024,,0,,"8,960.00"
,,,10/02/2024,," 4,900.00",,"74,044.00"
,,,10/01/2024,,"65,901.30",,"582,435.00"
,,,10/01/2024,,,,"4,804,800.00"
,,,10/01/2024,,,,"98,000.00"
,,,10/01/2024,,"32,431.89",,"611,794.89"
,,,10/01/2024,,0,,"17,000.00"
,,,10/01/2024,," 6,723.92",,"66,701.98"
,,,10/01/2024,," 13,213.61",,"441,261.00"
,,,10/01/2024,,,,"11,580.00"
,,,09/30/2024,,18490.68,,"111,046.10"
,,,09/30/2024,,8036.64,,"24,885.00"
,,,09/30/2024,,,,"5,093,000.00"
,,,09/27/2024,,"45,466.30",,"384,023.00"
,,,09/27/2024,,0,,"55,000.00"
,,,09/27/2024,,2925.72,,"67,598.58"
,,,09/26/2024,,"7,414.14",,"107,676.60"
,,,09/26/2024,,"1,466.80",,"50,342.40"
,,,09/26/2024,," 5,916.00",,"95,500.00"
,,,09/25/2024,,7270,,"91,250.00"
,,,09/25/2024,,,,"5,600.00"
,,,09/25/2024,," 14,869.12",,"510,189.59"
,,,09/25/2024,,"10,073.87",,"72,219.00"
,,,09/25/2024,,"18,258.58",,"540,745.00"
,,,09/25/2024,,,,"11,580.00"
,,,09/24/2024,,416.92,,"5,149.14"
,,,09/24/2024,,"2,677.18",,"30,191.00"
,,,09/24/2024,,"1,592.00",,"53,200.00"
,,,09/24/2024,," 18,687.14",,"589,385.00"
,,,09/24/2024,,0,,"9,900.00"
,,,09/24/2024,,"11,851.21",,"241,140.00"
,,,09/24/2024,," 13,715.62",,"261,222.30"
,,,09/24/2024,," 15,368.33",,"292,332.49"
,,,09/24/2024,," 16,913.23",,"324,072.99"
,,,09/24/2024,,2824.80,,"50,520.00"
,,,09/24/2024,,7340,,"83,300.00"
,,,09/23/2024,,"42,292.14",,"981,573.82"
,,,09/23/2024,,,,"12,000.00"
,,,09/23/2024,,"2,278.56",,"81,072.00"
,,,09/23/2024,,,,"8,000.00"
,,,09/23/2024,,37599.19,,"659,955.00"
,,,09/23/2024,,,,"2,361,600.00"
,,,09/23/2024,," 88,729.30",,"675,615.54"
,,,09/23/2024,,0,,"100,000.00"
,,,09/23/2024,,"3,108.95",,"74,527.00"
,,,09/23/2024,,0,,"5,900.00"
,,,09/23/2024,,"17,458.58",,"145,550.00"
,,,09/20/2024,,"11,844.89",,"133,124.97"
,,,09/20/2024,,0,,"16,660.00"
,,,09/20/2024,,6736,,"66,816.00"
,,,09/20/2024,," 11,185.78",,"180,297.50"
,,,09/20/2024,,,,"241,920.00"
,,,09/20/2024,,0,,"3,000.00"
,,,09/19/2024,,"24,375.00",,"263,475.00"
,,,09/19/2024,,"24,375.00",,"263,475.00"
,,,09/19/2024,,"16,250.00",,"175,650.00"
,,,09/19/2024,,102.00,,"1,360.00"
,,,09/18/2024,,"4,642",,"79,078.16"
,,,09/18/2024,,8550,,"117,600.00"
,,,09/18/2024,,,,"2,700.00"
,,,09/17/2024,," 1,457.58",,"50,029.44"
,,,09/17/2024,,"7,412.94",,"107,676.60"
,,,09/17/2024,,"12,256.69",,"234,079.00"
,,,09/17/2024,,,,"9,750.00"
,,,09/17/2024,," 62,080.14",,"762,718.00"
,,,09/17/2024,,,,"47,936.00"
,,,09/17/2024,,16893/7.73%,,"218,580.00"
,,,09/17/2024,,,,"12,375.00"
,,,09/17/2024,,"4,350.00",,"70,500.00"
,,,09/17/2024,,,,"7,700.00"
,,,09/16/2024,,1500,,"9,720.00"
,,,09/16/2024,,2640,,"60,000.00"
,,,09/16/2024,,4085,,"111,825.00"
,,,09/16/2024,," 123,541.61",,"1,546,320.00"
,,,09/16/2024,,,,"41,760.00"
,,,09/16/2024,," 3,813.41",,"123,012.38"
,,,09/13/2024,,,,"4,276,800.00"
,,,09/13/2024,,,,"1,936,512.00"
,,,09/13/2024,," 25,435.53",,"344,421.00"
,,,09/13/2024,,21361.09,,"267,760.00"
,,,09/12/2024,,663,,"8,840.00"
,,,09/12/2024,,"16,451.8",,"415,976.00"
,,,09/12/2024,,0,,"9,000.00"
,,,09/11/2024,," 3,708.74",,"62,038.40"
,,,09/11/2024,,,,"358,560.00"
,,,09/11/2024,,0,,"2,250.00"
,,,09/11/2024,,,,"20,000.00"
,,,09/10/2024,," 35,774.00",,"1,176,807.06"
,,,09/10/2024,,,,"1,500.00"
,,,09/10/2024,,,,"120,960.00"
,,,09/10/2024,,,,"1,500.00"
,,,09/10/2024,," 1,768.71",,"14,510.89"
,,,09/10/2024,,477.36,,"4,013.36"
,,,09/10/2024,,,,"66,984.00"
,,,09/10/2024,,,,"8,100.00"
,,,09/09/2024,,13840,,"241,340.00"
,,,09/09/2024,,,,"480,480.00"
,,,09/09/2024,,,,"2,200.00"
,,,09/09/2024,,"57,323.76",,"472,804.94"
,,,09/09/2024,,,,"31,310.00"
,,,09/09/2024,,112,,"1,200.00"
,,,09/05/2024,,2889.62/8.57%,,0.00
,,,09/05/2024,," 13,543.70",,"269,745.00"
,,,09/05/2024,," 54,069.05",,"1,164,873.95"
,,,09/05/2024,, 670.61,,"22,622.42"
,,,09/04/2024,,3595.20,,"60,240.00"
,,,09/04/2024,,275.17,,"3,088.66"
,,,09/04/2024,,,,0.00
,,,09/04/2024,," 18,870.29",,"385,791.34"
,,,09/04/2024,,0,,"6,550.00"
,,,09/04/2024,,26723/8.66%,,"308,556.60"
,,,09/04/2024,,0,,"12,375.00"
,,,09/04/2024,,"2,244.00",,"33,524.00"
,,,09/03/2024,,"14,437.48",,"112,776.00"
,,,09/03/2024,," 202,034.76",,"1,060,603.24"
,,,09/03/2024,,0,,"7,500.00"
,,,09/03/2024,,2545,,"18,637.24"
,,,09/03/2024,,570.24,,"9,525.60"
,,,09/03/2024,,570,,"3,810.24"
,,,09/03/2024,," 19,773.41",,"297,913.20"
,,,09/03/2024,," 35,638.50",,"474,950.00"
,,,09/03/2024,,,,"45,840.00"
,,,09/03/2024,,"39,900.00",,"493,200.00"
,,,09/03/2024,,,,"21,408.00"
,,,09/03/2024,,275.17,,"3,088.66"
,,,09/02/2024,,,,"1,935,360.00"
,,,09/02/2024,,"6,869",,"455,238.00"
,,,09/02/2024,,,,"17,875.00"
,,,09/02/2024,," 1,890.00",,"39,690.00"
,,,09/02/2024,, 945.00,,"19,845.00"
,,,09/02/2024,," 3,150.00",,"66,150.00"
,,,08/30/2024,,147104.38,,"1,335,629.26"
,,,08/30/2024,,0,,"48,250.00"
,,,08/30/2024,,,,"2,184,000.00"
,,,08/30/2024,,,,"39,312.00"
,,,08/30/2024,,6180/11.14%,,"55,500.00"
,,,08/30/2024,,,,"5,600.00"
,,,08/30/2024,,"3,674.00",,"74,400.00"
,,,08/30/2024,,"7,412.94",,"107,676.60"
,,,08/29/2024,,,,"2,184,000.00"
,,,08/29/2024,,8496.51,,"65,404.00"
,,,08/29/2024,,,,"4,723,200.00"
,,,08/29/2024,," 3,984.00",,"50,424.00"
,,,08/29/2024,,0,,"2,700.00"
,,,08/28/2024,,,,"1,613,721.60"
,,,08/28/2024,,,,"10,200.00"
,,,08/28/2024,,1388.91,,"23,718.00"
,,,08/28/2024,,"16,615.25",,"285,518.00"
,,,08/28/2024,,0,,"10,500.00"
,,,08/28/2024,,29370,,"343,700.00"
,,,08/28/2024,,0,,"11,032.00"
,,,08/27/2024,,"320,685.22",,"4,016,400.97"
,,,08/27/2024,, 950.40,,"24,651.00"
,,,08/27/2024,,,,"5,000.00"
,,,08/27/2024,,,,"2,647,008.00"
,,,08/27/2024,,37333.68,,"1,060,952.00"
,,,08/27/2024,,"3,552.35",,"54,000.00"
,,,08/27/2024,,76.00,,"1,025.00"
,,,08/22/2024,,,,0.00
,,,08/22/2024,,15309.429,,"301,901.18"
,,,08/22/2024,,"3,976.8284",,"116,714.91"
,,,08/22/2024,,"31,006.08",,"358,910.08"
,,,08/22/2024,,,,"45,000.00"
,,,08/22/2024,," 35,529.00",,"217,620.00"
,,,08/22/2024,,,,"32,368.00"
,,,08/21/2024,," 61,433.25",,"1,238,410.34"
,,,08/21/2024,,0,,"19,000.00"
,,,08/21/2024,,432/23%,,"1,880.00"
,,,08/21/2024,,,,"4,804,800.00"
,,,08/21/2024,,,,"98,000.00"
,,,08/21/2024,,,,"459,648.00"
,,,08/21/2024,,8297.17,,"264,425.00"
,,,08/21/2024,,,,"1,323,504.00"
,,,08/21/2024,,139808,,"2,878,260.00"
,,,08/21/2024,,0,,"23,160.00"
,,,08/21/2024,,"5,1300.40",,"133,310.40"
,,,08/20/2024,,"19,752.28",,"472,314.00"
,,,08/20/2024,,0,,"22,500.00"
,,,08/20/2024,,"11,841.04",,"145,358.00"
,,,08/20/2024,,"73,584.29075",,"2,154,764.28"
,,,08/19/2024,,5404,,"104,900.00"
,,,08/19/2024,,,,"668,304.00"
,,,08/19/2024,,0,,"2,250.00"
,,,08/19/2024,,,,"5,184,000.00"
,,,08/19/2024,," 59,250.00",,"1,244,750.00"
,,,08/19/2024,,15313.23,,"208,789.00"
,,,08/19/2024,,0,,"18,660.00"
,,,08/19/2024,,,,"655,200.00"
,,,08/19/2024,,0,,"2,250.00"
,,,08/16/2024,," 14,387.00",,"247,000.00"
,,,08/16/2024,,1308.34,,"18,742.50"
,,,08/16/2024,,532.80,,"6,282.00"
,,,08/15/2024,,3650,,"36,440.00"
,,,08/15/2024,," 18,214.28",,"270,985.00"
,,,08/15/2024,,,,"12,375.00"
,,,08/15/2024,,3674,,"74,400.00"
,,,08/15/2024,,9802.27,,"55,038.00"
,,,08/14/2024,,,,600.00
,,,08/14/2024,,4026.71,,"50,239.71"
,,,08/14/2024,,822,,"4,812.00"
,,,08/14/2024,," 21,421.75",,"410,414.90"
,,,08/14/2024,,,,"11,925.00"
,,,08/14/2024,," 2,983.20",,"61,837.20"
,,,08/13/2024,,37948.34,,"169,707.60"
,,,08/13/2024,,,,"16,374.40"
,,,08/13/2024,,20304,,"386,904.00"
,,,08/13/2024,,"1,721.42",,"14,179.00"
,,,08/13/2024,,"3,820",,"38,000.00"
,,,08/13/2024,,0,,"6,500.00"
,,,08/12/2024,,"20,135.92",,"233,604.00"
,,,08/12/2024,,,,"668,304.00"
,,,08/12/2024,,0,,"2,250.00"
,,,08/12/2024,," 2,933.30",,"60,727.60"
,,,08/12/2024,,,,"143,424.00"
,,,08/12/2024,,0,,900.00
,,,08/12/2024,,,,"2,868,480.00"
,,,08/09/2024,," 26,320.00",,"547,113.60"
,,,08/09/2024,,0,,"9,200.00"
,,,08/09/2024,,"14,922.02",,"331,722.00"
,,,08/09/2024,,4925,,"103,390.00"
,,,08/08/2024,," 3,596.76",,"74,984.00"
,,,08/08/2024,," 14,831.73",,"308,477.00"
,,,08/08/2024,," 57,422.63",,"1,200,056.00"
,,,08/08/2024,,0,,"38,800.00"
,,,08/07/2024,, 956.97,,"9,321.00"
,,,08/07/2024,,,,"5,951,232.00"
,,,08/07/2024,,"43,794.99",,"564,088.00"
,,,08/07/2024,,41638.42,,"854,970.00"
,,,08/07/2024,,97.72,,"1,030.00"
,,,08/07/2024,,,,"2,868,480.00"
,,,08/07/2024,,,,"1,434,240.00"
,,,08/06/2024,,,,"5,750.00"
,,,08/06/2024,,"38,972.00",,"681,942.00"
,,,08/06/2024,,"9,490",,"165,447.00"
,,,08/06/2024,,0,,"12,000.00"
,,,08/05/2024,," 52,046.21",,"967,715.00"
,,,08/05/2024,,0,,"32,285.00"
,,,08/05/2024,,274.88,,"2,525.00"
,,,08/05/2024,," 28,200.41",,"589,573.20"
,,,08/05/2024,," 28,225.18",,"590,452.82"
,,,08/02/2024,,"17,798",,"462,163.00"
,,,08/02/2024,," 3,073.00",,"64,535.00"
,,,08/01/2024,,,,"580,608.00"
,,,08/01/2024,,,,"3,600.00"
,,,08/01/2024,,,,"1,112,832.00"
,,,08/01/2024,,,,"6,900.00"
,,,08/01/2024,,"91,600",,"560,000.00"
,,,08/01/2024,," 3,045.00",,"19,635.00"
,,,08/01/2024,,32032,,"304,040.00"
,,,08/01/2024,, 202.40,,"4,269.00"
,,,08/01/2024,,"1,118",,"6,588.00"
,,,08/01/2024,,,,"891,072.00"
,,,08/01/2024,,,,"3,000.00"
,,,07/31/2024,,1334,,"12,015.00"
,,,07/31/2024,,18624,,"202,455.00"
,,,07/30/2024,," 7,192.00",,"97,518.00"
,,,07/30/2024,,"636,722.85",,"9,300,000.00"
,,,07/30/2024,," 7,815.00",,"113,290.00"
,,,07/30/2024,,,,"8,450.00"
,,,07/30/2024,,"1,122.85",,"16,000.00"
,,,07/29/2024,,"2,516",,"54,060.00"
,,,07/29/2024,,"1,087.18",,"11,250.00"
,,,07/29/2024,,9989.40,,"213,530.00"
,,,07/29/2024,,"4,746",,"50,446.00"
,,,07/26/2024,,0,,"10,000.00"
,,,07/26/2024,," 16,367.64",,"334,162.00"
,,,07/26/2024,,"1,950.00",,"54,600.00"
,,,07/25/2024,,"5,582.85",,"102,182.85"
,,,07/25/2024,," 5,501.17",,"151,977.18"
,,,07/25/2024,,"44,075",,"986,215.00"
,,,07/25/2024,,,,"46,750.00"
,,,07/25/2024,,11713.24,,0.00
,,,07/23/2024,,"25,345.97",,"221,139.00"
,,,07/23/2024,,"29,269.11",,"2,111,122.96"
,,,07/23/2024,,219.30,,"3,156.30"
,,,07/23/2024,,"4,829.15",,"74,047.45"
,,,07/22/2024,,"2,566.7",,"20,362.00"
,,,07/22/2024,,"5,052.96",,"103,488.00"
,,,07/22/2024,,,,"6,500.00"
,,,07/22/2024,,338.00,,"9,822.00"
,,,07/22/2024,,"65,996.37",,"1,918,309.18"
,,,07/22/2024,,"64,782.96",,"1,892,677.40"
,,,07/22/2024,,"66,252.81",,"1,949,917.71"
,,,07/22/2024,," 6,924.28",,"87,912.12"
,,,07/22/2024,," 3,086.00",,"30,376.00"
,,,07/22/2024,,703,,"2,673,216.00"
,,,07/22/2024,,"26,796.00",,0.00
,,,07/22/2024,," 6,904.00",,"135,200.00"
,,,07/19/2024,,"16,850.94",,"447,787.78"
,,,07/19/2024,,0,,"6,550.00"
,,,07/19/2024,,,,"543,168.00"
,,,07/19/2024,,,,"3,450.00"
,,,07/19/2024,,456.00,,"2,720.00"
,,,07/19/2024,,0,,"11,032.00"
,,,07/18/2024,," 1,484.00",,"27,800.00"
,,,07/18/2024,,,,"5,900.00"
,,,07/18/2024,," 21,560.00",,"153,440.00"
,,,07/18/2024,,"6,647.31",,"73,378.00"
,,,07/18/2024,,,,"4,000.00"
,,,07/18/2024,," 2,042.12",,"9,315.00"
,,,07/18/2024,,118,,"1,293.00"
,,,07/18/2024,,"83,196.95",,"536,867.00"
,,,07/18/2024,,,,"18,750.00"
,,,07/18/2024,,35803,,"417,900.00"
,,,07/18/2024,," 16,415.16",,"288,969.78"
,,,07/18/2024,,0,,"6,000.00"
,,,07/18/2024,," 20,711.18",,"139,460.00"
,,,07/17/2024,,,,"5,500.00"
,,,07/17/2024,,148,,"2,148.00"
,,,07/17/2024,,123002.73,,"434,093.00"
,,,07/17/2024,,0,,"21,525.00"
,,,07/17/2024,," 18,147.27",,"318,997.38"
,,,07/17/2024,,0,,"6,650.00"
,,,07/17/2024,,"5,644.50",,"44,098.00"
,,,07/16/2024,,22546,,"122,456.88"
,,,07/15/2024,,,,"601,200.00"
,,,07/15/2024,,0,,"12,000.00"
,,,07/15/2024,," 11,035.00",,"222,565.00"
,,,07/15/2024,," 10,050.44",,"204,494.00"
,,,07/15/2024,,0,,"9,000.00"
,,,07/15/2024,,"1,775.00",,"71,000.00"
,,,07/15/2024,,4960,,"31,960.00"
,,,07/15/2024,,,,0.00
,,,07/12/2024,,"15,058.85",,"306,436.00"
,,,07/12/2024,,,,"1,516,569.60"
,,,07/12/2024,,0,,"31,000.00"
,,,07/12/2024,,,,"7,207,200.00"
,,,07/12/2024,,,,"147,000.00"
,,,07/12/2024,,6040,,"62,185.00"
,,,07/12/2024,,0,,"19,040.00"
,,,07/12/2024,,"1,386",,"19,788.00"
,,,07/11/2024,,,,"373,100.00"
,,,07/11/2024,,2040,,"9,360.00"
,,,07/11/2024,,"33,576.80",,"985,225.80"
,,,07/11/2024,,0,,"8,000.00"
,,,07/10/2024,,,,"2,939,880.00"
,,,07/10/2024,,,,"3,000.00"
,,,07/10/2024,,,,"2,271,360.00"
,,,07/10/2024,,,,"26,500.00"
,,,07/10/2024,,4775,,"76,505.00"
,,,07/09/2024,,"1,906.37",,"29,370.00"
,,,07/09/2024,,,,"6,500.00"
,,,07/09/2024,,,,"98,000.00"
,,,07/09/2024,,"26,944",,"223,000.00"
,,,07/09/2024,,2856,,"55,680.00"
,,,07/09/2024,,78312,,"1,082,312.00"
,,,07/09/2024,,,,"1,200.00"
,,,07/09/2024,,24136,,"321,636.00"
,,,07/08/2024,,"40,067.98",,"1,229,051.00"
,,,07/08/2024,,,,"98,000.00"
,,,07/08/2024,,2135,,"24,935.00"
,,,07/05/2024,,"13,370",,"214,214.00"
,,,07/05/2024,,"91,696.54",,"1,298,362.00"
,,,07/05/2024,,,,"71,493.35"
,,,07/05/2024,,418,,"2,978.00"
,,,07/05/2024,,,,"560,530.00"
,,,07/05/2024,,,,"13,350.00"
,,,07/04/2024,,,,"1,124,760.00"
,,,07/04/2024,,,,"5,000.00"
,,,07/04/2024,,"3,900",,"42,900.00"
,,,07/04/2024,,3451,,"37,997.00"
,,,07/04/2024,,"2,700",,"41,250.00"
,,,07/04/2024,,5960,,"125,150.00"
,,,07/04/2024,,"3,265.56",,"136,786.65"
,,,07/02/2024,,"3,036",,"33,180.00"
,,,07/02/2024,,,,"18,000.00"
,,,07/02/2024,,"13,962",,"188,370.00"
,,,07/02/2024,,,,"40,000.00"
,,,07/02/2024,,798,,"15,838.00"
,,,07/02/2024,,,,"6,500.00"
,,,07/02/2024,,"16,451",,"163,578.00"
,,,07/02/2024,,1095.5,,"4,343.00"
,,,07/02/2024,,,,"4,804,800.00"
,,,07/02/2024,,,,"2,592,000.00"
,,,07/02/2024,,10916.92,,"182,158.00"
,,,07/01/2024,,,,"1,124,760.00"
,,,07/01/2024,,,,"5,000.00"
,,,07/01/2024,,45176,,"460,000.00"
,,,07/01/2024,,4790.59,,"100,869.44"
,,,07/01/2024,,,,"49,536.00"
,,,07/01/2024,,,,300.00
,,,07/01/2024,,"17,710",,"576,100.00"
,,,06/28/2024,,,,"93,001.60"
,,,06/28/2024,,4337.88,,"80,836.60"
,,,06/27/2024,,23478.88,,"422,485.84"
,,,06/27/2024,,14254.6,,"190,000.00"
,,,06/27/2024,,,,"1,018,617.60"
,,,06/27/2024,,0,,"22,500.00"
,,,06/27/2024,,,,"2,885,760.00"
,,,06/27/2024,,3810.22,,"67,239.00"
,,,06/26/2024,,1867,,"28,509.00"
,,,06/26/2024,,,,"4,838,400.00"
,,,06/26/2024,,25137.73,,"525,554.40"
,,,06/26/2024,,"2,339.77",,"31,960.00"
,,,06/26/2024,,0,,"6,500.00"
,,,06/26/2024,,26506.12,,"733,580.85"
,,,06/26/2024,,30631.97,,"848,926.38"
,,,06/26/2024,,151316.29,,"4,187,474.38"
,,,06/25/2024,,4394,,"56,320.00"
,,,06/25/2024,,,,"734,400.00"
,,,06/25/2024,,2090,,"23,930.00"
,,,06/25/2024,,19622.17,,"413,320.00"
,,,06/25/2024,,0,,"23,750.00"
,,,06/25/2024,,25275.86,,"276,158.00"
,,,06/25/2024,,27235,,"182,000.00"
,,,06/25/2024,,"1,000",,"21,000.00"
,,,06/25/2024,,10400,,"233,800.00"
,,,06/25/2024,,0,,"8,450.00"
,,,06/25/2024,,"338,573",,"8,143,917.00"
,,,06/25/2024,,,,"250,000.00"
,,,06/25/2024,,305836.06,,"2,079,888.00"
,,,06/21/2024,,6825,,"79,000.00"
,,,06/21/2024,,0,,"8,000.00"
,,,06/21/2024,,5521.36,,"146,756.00"
,,,06/21/2024,,23871.8,,"268,019.00"
,,,06/21/2024,,12570,,"84,000.00"
,,,06/21/2024,,"10,044",,"199,500.00"
,,,06/21/2024,,0,,"8,700.00"
,,,06/21/2024,,1005.1,,"15,410.00"
,,,06/21/2024,,15836,,"235,000.00"
,,,06/21/2024,,6936.8,,"88,320.00"
,,,06/20/2024,,"81,544.68",,"3,387,935.43"
,,,06/20/2024,,"1,376.95",,"181,000.00"
,,,06/20/2024,,"1,376.95",,"181,000.00"
,,,06/20/2024,,3600,,"57,600.00"
,,,06/19/2024,,0,,"6,800.00"
,,,06/19/2024,,"4,554.1",,"70,795.20"
,,,06/19/2024,,0,,"5,900.00"
,,,06/19/2024,,45851.49,,"550,140.00"
,,,06/18/2024,,"18,746",,"292,617.00"
,,,06/18/2024,,25329.84,,"474,350.00"
,,,06/18/2024,,,,"16,200.00"
,,,06/18/2024,,11550.78,,"240,960.00"
,,,06/18/2024,,32462.98,,"606,581.00"
,,,06/18/2024,,0,,"12,300.00"
,,,06/18/2024,,"7,536.36",,"133,706.43"
,,,06/18/2024,,0,,"1,500.00"
,,,06/18/2024,,0,,"39,760.00"
,,,06/18/2024,,3558.81,,"62,877.00"
,,,06/18/2024,,0,,"5,000.00"
,,,06/18/2024,,13755.67,,"264,552.00"
,,,06/14/2024,,360399.86,,0.00
,,,06/13/2024,,1520,,"16,760.00"
,,,06/13/2024,,3200,,"67,200.00"
,,,06/13/2024,,"55,905.86",,"1,039,152.00"
,,,06/13/2024,,34913.94,,"824,510.00"
,,,06/13/2024,,0,,"44,520.00"
,,,06/11/2024,,91228.63,,"4,106,697.14"
,,,06/11/2024,,10284.09,,"100,004.00"
,,,06/11/2024,,13418.27,,"371,140.50"
,,,06/11/2024,,26730.50,,"1,365,256.54"
,,,06/11/2024,,,,"1,365,000.00"
,,,06/11/2024,,1985.28,,"21,332.00"
,,,06/11/2024,,"12,225",,"134,955.00"
,,,06/10/2024,,7345.30,,"134,516.60"
,,,06/10/2024,,9061,,"97,605.00"
,,,06/10/2024,,,,"11,076.00"
,,,06/10/2024,,,,"1,742,832.00"
,,,06/10/2024,,1527,,"21,150.00"
,,,06/10/2024,,,,"2,419,200.00"
,,,06/07/2024,,0,,600.00
,,,06/06/2024,,21652,,"470,000.00"
,,,06/06/2024,,31548.3,,"662,514.30"
,,,06/06/2024,,,,"989,788.80"
,,,06/06/2024,,0,,"4,400.00"
,,,06/06/2024,,,,"2,390,400.00"
,,,06/06/2024,,0,,"7,075.00"
,,,06/05/2024,,8535,,"146,500.00"
,,,06/05/2024,,0,,"5,100.00"
,,,06/05/2024,,5597.05,,"481,170.00"
,,,06/05/2024,,0,,"1,500.00"
,,,06/04/2024,,5022,,"93,900.00"
,,,06/04/2024,,360,,"5,020.00"
,,,06/04/2024,,10000,,"70,000.00"
,,,06/04/2024,,2290,,"29,780.00"
,,,06/03/2024,,"4,152",,"63,468.00"
,,,06/03/2024,,11433.1,,"173,996.00"
,,,06/03/2024,,,,"1,500.00"
,,,06/03/2024,,2684,,0.00
,,,06/03/2024,,"10,827",,"210,600.00"
,,,05/31/2024,,,,"5,160,000.00"
,,,05/31/2024,,902,,"19,200.00"
,,,05/31/2024,,,,"1,500.00"
,,,05/30/2024,,25512.08,,"352,859.00"
,,,05/30/2024,,0,,"12,096.00"
,,,05/30/2024,,3421.16,,"45,740.00"
,,,05/30/2024,,1575,,"24,125.00"
,,,05/30/2024,,0,,"9,500.00"
,,,05/30/2024,,10481.58,,"175,783.58"
,,,05/30/2024,,0,,"11,900.00"
,,,05/30/2024,,9806,,"200,881.00"
,,,05/30/2024,,,,"8,700.00"
,,,05/30/2024,,,,"2,320.00"
,,,05/30/2024,,,,"5,000.00"
,,,05/30/2024,,408,,"5,508.00"
,,,05/30/2024,,,,"1,209,600.00"
,,,05/30/2024,,,,"16,750.00"
,,,05/29/2024,,"12,042.75",,"934,500.00"
,,,05/29/2024,,1839,,"38,897.00"
,,,05/29/2024,,2955,,"32,470.00"
,,,05/29/2024,,5165.80,,"89,769.00"
,,,05/29/2024,,0,,"12,000.00"
,,,05/29/2024,,,,"7,812,172.80"
,,,05/28/2024,,2716.75,,0.00
,,,05/28/2024,,22412.63,,"418,358.08"
,,,05/28/2024,,"46,045",,0.00
,,,05/28/2024,,0,,"28,500.00"
,,,05/28/2024,,,,"2,446,080.00"
,,,05/28/2024,,,,"14,920.00"
,,,05/28/2024,,1444.4,,"13,430.00"
,,,05/27/2024,,,,"12,960,000.00"
,,,05/27/2024,,,,"4,804,800.00"
,,,05/27/2024,,0,,"98,000.00"
,,,05/27/2024,,69650.90,,"595,390.00"
,,,05/27/2024,,,,"18,750.00"
,,,05/27/2024,,1240.25,,0.00
,,,05/24/2024,,,,"1,181,107.20"
,,,05/24/2024,,,,"25,000.00"
,,,05/24/2024,,"13,366.39",,"217,625.00"
,,,05/24/2024,,600,,"4,200.00"
,,,05/24/2024,,0,,"12,375.00"
,,,05/24/2024,,2259.1,,"24,110.00"
,,,05/24/2024,,840,,"2,400.00"
,,,05/23/2024,,,,"3,672,000.00"
,,,05/23/2024,,8000,,"56,000.00"
,,,05/23/2024,,,,"1,200.00"
,,,05/23/2024,,"72,816",,"1,680,887.38"
,,,05/23/2024,,"130,501.18",,"3,122,625.33"
,,,05/23/2024,,"128,057.86",,"3,143,509.00"
,,,05/23/2024,,,,"7,812,172.80"
,,,05/23/2024,,,,"2,361,600.00"
,,,05/23/2024,,2500,,"15,000.00"
,,,05/22/2024,,10860.48,,"553,524.00"
,,,05/22/2024,,13607.50,,"94,145.00"
,,,05/22/2024,,360,,"2,100.00"
,,,05/22/2024,,224.5,,"1,308.00"
,,,05/22/2024,,,,"826,560.00"
,,,05/22/2024,,,,"2,361,600.00"
,,,05/22/2024,,"12,360",,"373,910.00"
,,,05/22/2024,,658.83,,"5,550.00"
,,,05/22/2024,,575.52,,"6,360.00"
,,,05/21/2024,,60284.81/12%,,"481,656.00"
,,,05/21/2024,,,,"11,850.00"
,,,05/21/2024,,"134,886.40",,"2,367,216.00"
,,,05/21/2024,,,,"14,784.00"
,,,05/21/2024,,,,"4,723,200.00"
,,,05/20/2024,,,,"2,271,360.00"
,,,05/20/2024,,0,,"60,625.00"
,,,05/17/2024,,"4,842.16",,"86,363.64"
,,,05/17/2024,,0,,"1,500.00"
,,,05/17/2024,,3864,,"47,320.00"
,,,05/16/2024,,,,"4,882,550.40"
,,,05/16/2024,,5000,,"35,000.00"
,,,05/16/2024,,575,,"5,128.00"
,,,05/16/2024,,1027,,"9,280.00"
,,,05/16/2024,,1130,,"3,930.00"
,,,05/15/2024,,4680,,"52,740.00"
,,,05/15/2024,,,,"2,361,600.00"
,,,05/15/2024,,,,"1,535,040.00"
,,,05/15/2024,,684242.12,,"10,544,766.65"
,,,05/15/2024,,"17,600.04",,"564,000.00"
,,,05/15/2024,,0,,"17,000.00"
,,,05/15/2024,,,,"1,434,240.00"
,,,05/15/2024,,0,,"15,500.00"
,,,05/15/2024,,,,"1,456,000.00"
,,,05/15/2024,,2499,,"38,199.00"
,,,05/15/2024,,,,"4,804,800.00"
,,,05/15/2024,,,,"2,007,360.00"
,,,05/15/2024,,0,,"14,500.00"
,,,05/15/2024,,0,,"98,000.00"
,,,05/14/2024,,,,"2,843,568.00"
,,,05/14/2024,,0,,0.00
,,,05/14/2024,,,,"1,416,960.00"
,,,05/14/2024,,3816,,"50,418.00"
,,,05/14/2024,,,,"1,130,538.00"
,,,05/14/2024,,0,,0.00
,,,05/13/2024,,900,,"15,900.00"
,,,05/13/2024,,,,"11,808,000.00"
,,,05/13/2024,,8000,,"56,000.00"
,,,05/13/2024,,1680,,"25,732.00"
,,,05/13/2024,,1729,,"26,433.00"
,,,05/13/2024,,3325.19,,"55,385.00"
,,,05/13/2024,,21095.85,,"337,655.00"
,,,05/13/2024,,0,,0.00
,,,05/13/2024,,68800.39,,"680,600.40"
,,,05/13/2024,,"3,467",,"64,390.00"
,,,05/13/2024,,,,"11,000.00"
,,,05/13/2024,,2676,,"39,300.00"
,,,05/13/2024,,,,"7,887,744.00"
,,,05/10/2024,,,,"807,114.50"
,,,05/10/2024,,,,750.00
,,,05/10/2024,,3960,,"60,273.00"
,,,05/10/2024,,,,"142,135.50"
,,,05/09/2024,,4642.1,,"97,528.00"
,,,05/09/2024,,,,"105,925.00"
,,,05/09/2024,,9548.57,,"410,218.00"
,,,05/09/2024,,,,0.00
,,,05/08/2024,,5260,,"44,500.00"
,,,05/08/2024,,,,"24,000.00"
,,,05/08/2024,,5130.14,,"51,560.00"
,,,05/08/2024,,"15,207",,"300,000.00"
,,,05/08/2024,,175,,"1,750.00"
,,,05/08/2024,,1548.4,,"23,660.00"
,,,05/07/2024,,23091.64,,"310,014.00"
,,,05/07/2024,,0,,0.00
,,,05/07/2024,,986.33,,"17,416.00"
,,,05/07/2024,,,,"3,585,600.00"
,,,05/07/2024,,0,,"66,000.00"
,,,05/06/2024,,"31,633.22",,"256,139.00"
,,,05/06/2024,,1580,,"18,040.00"
,,,05/06/2024,,"30,465",,"440,460.00"
,,,05/06/2024,,"29,433.06",,"510,330.00"
,,,05/06/2024,,12524,,"222,499.00"
,,,05/06/2024,,11139.44,,"218,124.00"
,,,05/06/2024,,"12,423.62",,"1,804,703.21"
,,,05/06/2024,,48843.44,,"2,134,261.08"
,,,05/06/2024,,13286.76,,"1,911,089.94"
,,,05/06/2024,,119,,"2,102.00"
,,,05/03/2024,,,,75.00
,,,05/03/2024,,"35,544.1",,"343,350.00"
,,,05/03/2024,,10988,,"150,040.00"
,,,05/03/2024,,0,,"9,000.00"
,,,05/03/2024,,8200,,"50,000.00"
,,,05/02/2024,,5040,,"89,820.00"
,,,05/02/2024,,1770,,"36,650.00"
,,,05/02/2024,,"1,176.74",,"12,070.00"
,,,05/02/2024,,188.00,,"1,740.00"
,,,05/02/2024,,6425.52,,"111,767.04"
,,,05/02/2024,,1674,,"22,680.00"
,,,04/30/2024,,3028.2,,"133,180.00"
,,,04/30/2024,,3028.2,,"11,250.00"
,,,04/30/2024,,,,"836,640.00"
,,,04/30/2024,,,,"1,434,240.00"
,,,04/30/2024,,,,0.00
,,,04/30/2024,,,,0.00
,,,04/30/2024,,,,"6,048,000.00"
,,,04/30/2024,,2993.64,,"54,236.00"
,,,04/30/2024,,581,,"8,190.00"
,,,04/30/2024,,,,"4,896,000.00"
,,,04/30/2024,,,,0.00
,,,04/30/2024,,,,0.00
,,,04/30/2024,,,,"4,542,720.00"
,,,04/30/2024,,,,"53,000.00"
,,,04/30/2024,,4920.00,,"40,920.00"
,,,04/30/2024,,,,"2,419,200.00"
,,,04/30/2024,,,,0.00
,,,04/29/2024,,44500,,"476,000.00"
,,,04/29/2024,,,,"1,416,960.00"
,,,04/29/2024,,,,"1,416,960.00"
,,,04/26/2024,,"15,088.32",,"243,710.32"
,,,04/26/2024,,,,"5,900.00"
,,,04/26/2024,,"15,196.22",,"48,600.00"
,,,04/26/2024,,"4,343.05",,0.00
,,,04/26/2024,,5760,,"87,950.00"
,,,04/26/2024,,7985,,"162,600.00"
,,,04/25/2024,,"22,528.57",,"79,200.00"
,,,04/25/2024,,86447.32,,"1,878,305.22"
,,,04/25/2024,,86447.32,,"19,650.00"
,,,04/25/2024,,31921.48,,"567,000.00"
,,,04/25/2024,,,,"56,000.00"
,,,04/25/2024,,814,,"7,130.00"
,,,04/25/2024,,6240,,"95,240.00"
,,,04/25/2024,,,,"3,967,488.00"
,,,04/24/2024,,2356,,"27,200.00"
,,,04/24/2024,,"58,621.9",,"1,119,737.00"
,,,04/24/2024,,,,"4,896,000.00"
,,,04/24/2024,,"14,424",,"63,848.00"
,,,04/24/2024,,,,"7,500.00"
,,,04/24/2024,,1300,,"14,300.00"
,,,04/24/2024,,,,"3,967,488.00"
,,,04/24/2024,,8338.92,,"115,248.00"
,,,04/23/2024,,2172,,"53,700.00"
,,,04/22/2024,,,,"2,063,880.00"
,,,04/22/2024,,"9,243.12",,"101,660.00"
,,,04/22/2024,,,,0.00
,,,04/22/2024,,,,"10,368,000.00"
,,,04/22/2024,,7070,,"79,000.00"
,,,04/22/2024,,0,,"8,000.00"
,,,04/19/2024,,9927.43,,"208,382.00"
,,,04/19/2024,,,,"4,804,800.00"
,,,04/19/2024,,0,,"98,000.00"
,,,04/19/2024,,26602.55,,"408,909.00"
,,,04/19/2024,,24780,,"289,800.00"
,,,04/19/2024,,,,"9,850.00"
,,,04/18/2024,,1200,,"14,000.00"
,,,04/18/2024,,1065,,"3,310.00"
,,,04/18/2024,,6148.4,,"60,000.00"
,,,04/18/2024,,19167,,"641,253.00"
,,,04/17/2024,,,,"4,061,952.00"
,,,04/16/2024,,852,,"7,400.00"
,,,04/16/2024,,6904,,"239,000.00"
,,,04/16/2024,,19592.74,,"1,665,284.41"
,,,04/16/2024,,0,,"20,050.00"
,,,04/16/2024,,,,"4,804,800.00"
,,,04/16/2024,,0,,"98,000.00"
,,,04/16/2024,,,,"16,600.00"
,,,04/16/2024,,1188,,"13,788.00"
,,,04/15/2024,,"22,528.57",,"316,000.00"
,,,04/15/2024,,74405,,"1,549,800.00"
,,,04/15/2024,,,,"2,293,200.00"
,,,04/15/2024,,,,0.00
,,,04/15/2024,,,,"5,000,400.00"
,,,04/15/2024,,6606.6,,"76,725.00"
,,,04/15/2024,,16055.55,,"209,985.00"
,,,04/15/2024,,"8,450.18",,"150,331.50"
,,,04/15/2024,,0,,"11,900.00"
,,,04/12/2024,,,,"2,219,904.00"
,,,04/12/2024,,,,"14,100.00"
,,,04/12/2024,,"40,459.74",,"1,795,774.48"
,,,04/12/2024,,38311.82,,"1,793,806.72"
,,,04/12/2024,,"84,551.98",,"3,303,143.00"
,,,04/12/2024,,,,"160,000.00"
,,,04/12/2024,,849.80,,"11,769.80"
,,,04/11/2024,,,,"354,240.00"
,,,04/11/2024,,,,"2,250.00"
,,,04/11/2024,,5557.1,,"98,203.00"
,,,04/11/2024,,37055,,"1,836,500.00"
,,,04/11/2024,,"24,746.22",,"381,882.60"
,,,04/11/2024,,,,"11,900.00"
,,,04/11/2024,,"5,309.5",,"113,000.00"
,,,04/11/2024,,,,"1,500.00"
,,,04/08/2024,,5110,,"102,900.00"
,,,04/08/2024,,1113,,"10,380.00"
,,,04/08/2024,,,,"597,600.00"
,,,04/08/2024,,,,"12,000.00"
,,,04/08/2024,,11459.5,,"203,500.00"
,,,04/08/2024,,"25,383",,"324,077.00"
,,,04/08/2024,,13748,,"160,300.00"
,,,04/08/2024,,,,"836,640.00"
,,,04/08/2024,,,,"5,250.00"
,,,04/08/2024,,15432.3,,"266,725.00"
,,,04/08/2024,,1261,,"3,520.00"
,,,04/05/2024,,8050,,"88,550.00"
,,,04/05/2024,,3036.32,,"42,046.90"
,,,04/05/2024,,,,"11,900.00"
,,,04/05/2024,,,,"2,361,600.00"
,,,04/05/2024,,,,"2,361,600.00"
,,,04/05/2024,,,,"15,000.00"
,,,04/05/2024,,"19,342.68",,"348,824.00"
,,,04/05/2024,,"12,810.00",,"217,510.00"
,,,04/04/2024,,"79,633.25",,"3,666,596.50"
,,,04/04/2024,,"434,516.52",,"5,763,075.13"
,,,04/04/2024,,352359.42,,"6,344,909.40"
,,,04/04/2024,,336094.77,,"5,989,868.73"
,,,04/04/2024,,"83,482.29",,"2,091,759.00"
,,,04/04/2024,,"10,500",,"62,300.00"
,,,04/04/2024,,,,"10,500.00"
,,,04/04/2024,,"37,444.52",,"417,026.28"
,,,04/04/2024,,15475,,"81,499.00"
,,,04/03/2024,,29248,,"300,000.00"
,,,04/02/2024,,21787.26,,"301,138.32"
,,,04/02/2024,,23091.64,,"245,156.00"
,,,04/02/2024,,"46,215.6",,"508,300.00"
,,,04/01/2024,,9279.39,,"236,361.00"
,,,04/01/2024,,4752,,"74,828.00"
,,,03/27/2024,,,,"4,804,800.00"
,,,03/27/2024,,,,"98,000.00"
,,,03/27/2024,,4300,,"51,000.00"
,,,03/27/2024,,28985.14,,"437,059.69"
,,,03/27/2024,,9990.40,,"91,490.40"
,,,03/26/2024,,645,,"3,375.00"
,,,03/26/2024,,,,"1,434,240.00"
,,,03/25/2024,,,,"1,434,240.00"
,,,03/25/2024,,,,"24,192.00"
,,,03/25/2024,,,,"717,120.00"
,,,03/25/2024,,,,"14,000.00"
,,,03/25/2024,,"12,592.88",,"190,547.30"
,,,03/25/2024,,,,150.00
,,,03/25/2024,,,,"6,550.00"
,,,03/25/2024,,38752.87,,"1,294,458.48"
,,,03/25/2024,,4644,,"9,216.00"
,,,03/25/2024,,,,0.00
,,,03/25/2024,,4107.57,,"67,470.00"
,,,03/22/2024,,10054,,"64,224.00"
,,,03/22/2024,,12829.56,,"175,840.42"
,,,03/21/2024,,4085,,"42,500.00"
,,,03/21/2024,,475,,"7,257.00"
,,,03/21/2024,,,,"7,000.00"
,,,03/21/2024,,,,"2,361,600.00"
,,,03/21/2024,,,,"15,000.00"
,,,03/21/2024,,28519.69,,"591,561.00"
,,,03/21/2024,,2824,,"16,305.00"
,,,03/20/2024,,,,"9,900.00"
,,,03/20/2024,,18389.15,,"122,400.00"
,,,03/19/2024,,2014,,"19,170.00"
,,,03/19/2024,,"7,630.54",,"116,591.00"
,,,03/19/2024,,,,"1,558,656.00"
,,,03/18/2024,,598,,"5,305.00"
,,,03/18/2024,,"14,358",,"197,100.00"
,,,03/18/2024,,,,0.00
,,,03/18/2024,,885,,"8,220.00"
,,,03/15/2024,,"5,614",,"98,100.00"
,,,03/15/2024,,,,"5,900.00"
,,,03/15/2024,,,,"1,673,895.60"
,,,03/15/2024,,154.44,,"3,235.00"
,,,03/15/2024,,8294,,0.00
,,,03/14/2024,,"12,786",,"16,939.00"
,,,03/14/2024,,3305.33,,"615,640.00"
,,,03/14/2024,,,,0.00
,,,03/14/2024,,"14,938.17",,"244,473.57"
,,,03/14/2024,,,,"11,900.00"
,,,03/14/2024,,"12,786",,"23,990.00"
,,,03/14/2024,,"46,705.5",,"402,155.00"
,,,03/13/2024,,"19,525",,"127,600.00"
,,,03/13/2024,,,,"3,967,488.00"
,,,03/13/2024,,22963.50,,"473,869.20"
,,,03/13/2024,,,,"32,000.00"
,,,03/13/2024,,"12,786",,"52,727.00"
,,,03/12/2024,,3327,,"20,872.00"
,,,03/12/2024,,"15,647.1",,"1,329,549.60"
,,,03/12/2024,,"28,034",,"1,899,351.00"
,,,03/12/2024,,6460.13,,"45,451.00"
,,,03/12/2024,,4303.11,,"65,814.00"
,,,03/12/2024,,1696,,"24,800.00"
,,,03/12/2024,,,,"5,000.00"
,,,03/12/2024,,812.73,,"2,100.00"
,,,03/11/2024,,45336,,0.00
,,,03/11/2024,,,,"14,423,500.00"
,,,03/11/2024,,7326,,"88,020.00"
,,,03/08/2024,,395,,"5,925.00"
,,,03/08/2024,,"11,248",,"122,300.00"
,,,03/08/2024,,,,"1,238,400.00"
,,,03/08/2024,,360,,"3,430.00"
,,,03/07/2024,,22042.03,,"379,414.00"
,,,03/07/2024,,0,,"10,000.00"
,,,03/07/2024,,10649.6,,"119,285.60"
,,,03/07/2024,,0,,"7,750.00"
,,,03/06/2024,,,,"2,453,068.80"
,,,03/06/2024,,,,"49,500.00"
,,,03/06/2024,,112366.59,,"2,100,485.00"
,,,03/06/2024,,600,,"10,200.00"
,,,03/06/2024,,"9,107",,"74,157.00"
,,,03/06/2024,,,,"1,500.00"
,,,03/06/2024,,"7,226",,"129,330.00"
,,,03/06/2024,,,,"6,550.00"
,,,03/06/2024,,7316.54,,"196,956.00"
,,,03/06/2024,,,,"12,950.00"
,,,03/06/2024,,,,"472,320.00"
,,,03/06/2024,,,,"15,450.00"
,,,03/05/2024,,10262.9,,"219,950.00"
,,,03/05/2024,,"59,947.12",,"1,245,954.60"
,,,03/05/2024,,,,"22,380.00"
,,,03/05/2024,,34208,,"129,600.00"
,,,03/05/2024,,,,"3,967,488.00"
,,,03/04/2024,,22931.56,,"437,700.00"
,,,03/04/2024,,2535,,"32,850.00"
,,,03/04/2024,,846,,"10,970.00"
,,,03/04/2024,,36.9,,482.00
,,,03/04/2024,,"1,530",,"20,565.00"
,,,03/01/2024,,"84,349",,"895,500.00"
,,,03/01/2024,,1400,,0.00
,,,03/01/2024,,1960,,0.00
,,,03/01/2024,,4630.3,,"68,400.00"
,,,03/01/2024,,,,"9,000.00"
,,,03/01/2024,,7772.10,,"86,526.00"
,,,02/29/2024,,2998,,"32,670.00"
,,,02/29/2024,,"12,243.82",,"268,464.00"
,,,02/29/2024,,,,"4,250,880.00"
,,,02/29/2024,,,,"2,833,920.00"
,,,02/28/2024,,"2,360",,"27,200.00"
,,,02/28/2024,,,,"4,250,880.00"
,,,02/27/2024,,6335,,"78,500.00"
,,,02/27/2024,,,,"8,000.00"
,,,02/27/2024,,4527,,"103,191.00"
,,,02/27/2024,,3103,,"60,332.00"
,,,02/26/2024,,10945,,"90,250.00"
,,,02/26/2024,,36327.1,,"268,520.00"
,,,02/26/2024,,,,"20,570.00"
,,,02/23/2024,,4177.08,,"61,409.74"
,,,02/23/2024,,0,,"7,750.00"
,,,02/23/2024,,,,"6,814,080.00"
,,,02/23/2024,,22.6,,352.00
,,,02/22/2024,,2534,,"23,933.00"
,,,02/22/2024,,16117,,"146,270.00"
,,,02/22/2024,,45336,,"153,415.00"
,,,02/21/2024,,"14,024.75",,"224,625.00"
,,,02/21/2024,,0,,"12,375.00"
,,,02/21/2024,,2970,,"40,380.00"
,,,02/21/2024,,97998.77,,"2,059,976.90"
,,,02/20/2024,,648,,"5,688.00"
,,,02/20/2024,,3453,,"47,530.00"
,,,02/20/2024,,47250.94,,"393,670.00"
,,,02/20/2024,,,,"13,125.00"
,,,02/20/2024,,15450,,"352,500.00"
,,,02/20/2024,,"21,156.8",,"445,737.10"
,,,02/20/2024,,"21,156.8",,"445,737.10"
,,,02/20/2024,,0,,"8,050.00"
,,,02/20/2024,,17277.9,,"364,409.10"
,,,02/20/2024,,17277.9,,"364,409.10"
,,,02/20/2024,,0,,"6,550.00"
,,,02/20/2024,,5434,,"74,382.00"
,,,02/20/2024,,5122.80,,"67,502.40"
,,,02/20/2024,,,,"1,416,960.00"
,,,02/19/2024,,0,,"2,500.00"
,,,02/19/2024,,3252.48,,"46,110.00"
,,,02/19/2024,,"1,900",,"21,250.00"
,,,02/19/2024,,0,,"5,000.00"
,,,02/19/2024,,30741.96,,"479,941.20"
,,,02/19/2024,,"7,590",,"111,379.00"
,,,02/19/2024,,0,,"5,900.00"
,,,02/19/2024,,1272,,"13,980.00"
,,,02/19/2024,,92371.62,,"1,312,060.00"
,,,02/19/2024,,0,,"45,000.00"
,,,02/19/2024,,,,"5,000,486.40"
,,,02/19/2024,,800,,"6,250.00"
,,,02/19/2024,,344812.96,,"5,476,124.16"
,,,02/16/2024,,40928,,"587,200.00"
,,,02/16/2024,,"2,100",,0.00
,,,02/16/2024,,15260.44,,"269,562.00"
,,,02/16/2024,,0,,"33,825.00"
,,,02/16/2024,,2016,,"22,608.00"
,,,02/16/2024,,3293,,"36,223.00"
,,,02/16/2024,,792,,"8,712.00"
,,,02/15/2024,,875,,"12,460.00"
,,,02/15/2024,,702,,"6,500.00"
,,,02/15/2024,,5940,,"115,174.00"
,,,02/15/2024,,,,"1,468,800.00"
,,,02/15/2024,,3872.5,,"83,672.50"
,,,02/14/2024,,17038.5,,"226,497.00"
,,,02/14/2024,,0,,"12,947.20"
,,,02/14/2024,,4675,,"51,000.00"
,,,02/13/2024,,"20,570.16",,"327,452.40"
,,,02/13/2024,,0,,"11,900.00"
,,,02/13/2024,,"1,675.5",,"21,080.00"
,,,02/13/2024,,"4,181.5",,"35,220.00"
,,,02/13/2024,,5430,,"363,820.00"
,,,02/13/2024,,"22,849.52",,"259,822.00"
,,,02/13/2024,,"1,272",,"13,920.00"
,,,02/13/2024,,"20,460",,"276,300.00"
,,,02/13/2024,,3124.50,,"23,840.00"
,,,02/13/2024,,0,,0.00
,,,02/12/2024,,149.28,,868.00
,,,02/08/2024,,34985.75,,"344,500.00"
,,,02/07/2024,,890,,"10,865.00"
,,,02/07/2024,,190,,"2,800.00"
,,,02/07/2024,,1182.45,,"6,912.00"
,,,02/07/2024,,18389.15,,"122,400.00"
,,,02/07/2024,,3660,,"217,000.00"
,,,02/07/2024,,0,,"16,500.00"
,,,02/06/2024,,0,,0.00
,,,02/06/2024,,103049.40,,"2,085,174.80"
,,,02/06/2024,,98834.22,,"1,991,155.26"
,,,02/06/2024,,1175,,"7,900.00"
,,,02/06/2024,,582,,"3,450.00"
,,,02/06/2024,,,,"3,873,024.00"
,,,02/05/2024,,8300.66,,"155,308.00"
,,,02/05/2024,,0,,"10,000.00"
,,,02/05/2024,,64994.51,,"525,243.00"
,,,02/05/2024,,0,,"26,015.00"
,,,02/05/2024,,8893.59,,"102,560.00"
,,,02/05/2024,,0,,"23,100.00"
,,,02/05/2024,,2342.4,,"60,420.00"
,,,02/02/2024,,5250,,"63,010.00"
,,,02/02/2024,,450,,"7,950.00"
,,,02/02/2024,,4121,,"140,620.00"
,,,02/02/2024,,,,"1,512,000.00"
,,,02/02/2024,,5813.18,,"98,036.00"
,,,02/02/2024,,10315,,"40,500.00"
,,,02/01/2024,,25860.86,,"340,755.00"
,,,02/01/2024,,,,"21,375.00"
,,,02/01/2024,,4723.2,,"84,120.00"
,,,02/01/2024,,3928.04,,"20,356.00"
,,,02/01/2024,,23505.22,,"306,328.00"
,,,02/01/2024,,20278.10,,"386,034.00"
,,,02/01/2024,,0,,"10,500.00"
,,,01/31/2024,,25614.00,,"140,220.00"
,,,01/31/2024,,5037,,"95,888.00"
,,,01/30/2024,,22889.36,,"315,162.12"
,,,01/30/2024,,233.12,,"1,256.00"
,,,01/30/2024,," 2,841.7",,"24,620.00"
,,,01/30/2024,,30468.27,,"294,600.00"
,,,01/30/2024,,,,"12,375.00"
,,,01/30/2024,,2200,,"24,140.00"
,,,01/29/2024,,680,,"14,440.00"
,,,01/29/2024,,"29,221.94",,"742,318.00"
,,,01/29/2024,,1803.5,,"17,785.00"
,,,01/29/2024,,490,,"8,688.00"
,,,01/26/2024,,6437.19,,"134,119.00"
,,,01/26/2024,,666,,"11,766.00"
,,,01/26/2024,,0,,"9,000.00"
,,,01/26/2024,,12683.63,,"440,126.28"
,,,01/26/2024,,2035,,"6,160.00"
,,,01/26/2024,,,,"2,405,894.40"
,,,01/26/2024,,0,,"11,250.00"
,,,01/26/2024,,608,,"1,580.00"
,,,01/25/2024,,1210,,"18,560.00"
,,,01/25/2024,,10945,,"90,250.00"
,,,01/25/2024,,"48,466.07",,"950,320.00"
,,,01/25/2024,,0,,"4,500.00"
,,,01/23/2024,,3260,,"43,020.00"
,,,01/23/2024,,5554.19,,"56,210.00"
,,,01/23/2024,,"8,455.94",,"150,319.00"
,,,01/23/2024,,19641.44,,"124,208.00"
,,,01/22/2024,,551,,"4,033.00"
,,,01/22/2024,,3348,,"62,600.00"
,,,01/22/2024,,4687,,"51,643.00"
,,,01/19/2024,,"3,063",,"56,125.00"
,,,01/19/2024,,0,,"7,400.00"
,,,01/19/2024,,182,,"2,786.00"
,,,01/19/2024,,"45,074.15",,"877,625.00"
,,,01/19/2024,,0,,"12,375.00"
,,,01/18/2024,,9053.18,,"159,840.00"
,,,01/17/2024,,6836,,"85,959.00"
,,,01/17/2024,,0,,"8,000.00"
,,,01/17/2024,,"91,730.24",,"1,043,371.00"
,,,01/17/2024,,0,,"37,000.00"
,,,01/17/2024,,4319,,"62,580.00"
,,,01/17/2024,,351,,"3,875.00"
,,,01/16/2024,,769,,"5,070.00"
,,,01/16/2024,,95784,,0.00
,,,01/16/2024,,,,"2,390,400.00"
,,,01/16/2024,,13390,,"182,000.00"
,,,01/15/2024,,453104,,"2,704,104.00"
,,,01/15/2024,,392274,,"2,377,050.00"
,,,01/15/2024,,,,"814,554.00"
,,,01/15/2024,,5690,,"77,728.00"
,,,01/15/2024,,298,,"3,561.00"
,,,01/15/2024,,10613.18,,"225,618.03"
,,,01/15/2024,,0,,"10,000.00"
,,,01/12/2024,,6656.50,,"52,219.00"
,,,01/12/2024,,,,"7,840,512.00"
,,,01/12/2024,,2535,,"27,890.00"
,,,01/12/2024,,8604,,"72,112.00"
,,,01/11/2024,,8043.56,,"122,726.00"
,,,01/11/2024,,"15,547.00",,"56,407.00"
,,,01/11/2024,,5196.31,,"39,052.00"
,,,01/10/2024,,2353.15,,"50,330.00"
,,,01/10/2024,,1410,,"11,010.00"
,,,01/10/2024,,5675.46,,"41,130.00"
,,,01/10/2024,,0,,"1,500.00"
,,,01/10/2024,,2347,,"12,514.00"
,,,01/08/2024,,,,"3,628,800.00"
,,,01/08/2024,,9018.21,,"85,317.00"
,,,01/08/2024,,0,,"9,200.00"
,,,01/05/2024,,11470,,"182,051.00"
,,,01/05/2024,,0,,"11,560.00"
,,,01/04/2024,,20981.66,,"447,848.24"
,,,01/04/2024,,3967.46,,"22,500.00"
,,,01/04/2024,,4500,,"66,800.00"
,,,01/04/2024,,732,,"7,277.00"
,,,01/04/2024,,"2,360",,"8,660.00"
,,,01/04/2024,,5876.64,,"24,360.00"
,,,01/03/2024,,1061.10,,"7,100.10"
,,,01/03/2024,,0,,"14,575.00"
,,,01/03/2024,,7205,,"77,500.00"
,,,01/03/2024,,0,,"8,000.00"
,,,01/03/2024,,9904.37,,"116,368.00"
,,,01/03/2024,,"1,160",,"22,960.00"
,,,01/03/2024,,20283,,"242,833.00"
,,,01/03/2024,,19136,,"227,937.00"
,,,01/03/2024,,6445,,"678,500.00"
,,,01/03/2024,,16892.7,,"88,914.00"
,,,01/01/2024,,0,,"29,680.00"
,,,01/01/2024,,"60,532.05",,"928,777.00"
,,,01/01/2024,,"4,606",,"50,338.00"
,,,12/21/2023,,"15,367.41",,"194,476.00"
,,,12/21/2023,,"9,218.81",,"118,472.00"
,,,12/19/2023,,6296,,"78,200.00"
,,,12/19/2023,,884,,0.00
,,,12/15/2023,,"6,985",,"107,470.00"
,,,12/15/2023,,4543,,"55,250.00"
,,,12/15/2023,,,,"23,100.00"
,,,12/15/2023,,5354.2,,"64,690.00"
,,,12/15/2023,,5148,,"51,450.00"
,,,12/14/2023,,11273.19,,"151,140.00"
,,,12/14/2023,,29554.5,,"407,150.80"
,,,12/14/2023,,3320,,"36,440.00"
,,,12/14/2023,,21652.87,,"456,447.42"
,,,12/14/2023,,,,"55,000.00"
,,,12/14/2023,,2505,,"34,545.00"
,,,12/14/2023,,,,"5,000.00"
,,,12/14/2023,,833.25,,"6,646.00"
,,,12/14/2023,,2764,,"31,800.00"
,,,12/13/2023,,1236,,"16,672.00"
,,,12/13/2023,,,,"5,000.00"
,,,12/12/2023,,10750.96,,"97,352.00"
,,,12/12/2023,,,,"1,500.00"
,,,12/11/2023,,,,"2,007,936.00"
,,,12/11/2023,,,,"7,000.00"
,,,12/11/2023,,739,,"7,250.00"
,,,12/11/2023,,"38,185",,"419,230.00"
,,,12/11/2023,,1000,,"10,000.00"
,,,12/11/2023,,"6,471",,"119,600.00"
,,,12/11/2023,,,,"7,400.00"
,,,12/07/2023,,3944.4,,"37,239.00"
,,,12/07/2023,,4492,,"63,400.00"
,,,12/07/2023,,1841.5,,"6,842.00"
,,,12/07/2023,,,,"8,031,744.00"
,,,12/06/2023,,22896,,"405,356.00"
,,,12/06/2023,,,,"2,500.00"
,,,12/06/2023,,276,,"3,726.00"
,,,12/06/2023,,4305,,"60,900.00"
,,,12/06/2023,,,,"23,100.00"
,,,12/05/2023,,128856.60,,"916,360.00"
,,,12/05/2023,,,,"10,500.00"
,,,12/05/2023,,1655,,"17,451.00"
,,,12/05/2023,,,,"573,696.00"
,,,12/05/2023,,,,"9,000.00"
,,,12/04/2023,,12503.81,,"132,298.04"
,,,12/04/2023,,,,"7,000.00"
,,,12/04/2023,,5596.56,,"24,360.00"
,,,12/04/2023,,"26,567.78",,"359,028.00"
,,,12/04/2023,,945.28,,"10,126.00"
,,,12/04/2023,,"20,012.32",,"284,109.00"
,,,12/04/2023,,,,"13,750.00"
,,,12/01/2023,,21380,,"217,000.00"
,,,12/01/2023,,,,"16,500.00"
,,,12/01/2023,,,,"1,224,000.00"
,,,11/30/2023,,35020,,"145,870.00"
,,,11/30/2023,,30945,,"121,500.00"
,,,11/30/2023,,4275.6,,"59,035.20"
,,,11/30/2023,,,,"1,500.00"
,,,11/30/2023,,"7,434.5",,"105,900.00"
,,,11/30/2023,,,,"3,000.00"
,,,11/29/2023,,2835.33,,"50,655.33"
,,,11/29/2023,,2835.33,,"1,500.00"
,,,11/29/2023,,10784,,"118,520.00"
,,,11/29/2023,,68539.81,,"2,337,136.00"
,,,11/28/2023,,"5,905.3",,"113,325.30"
,,,11/28/2023,,,,"5,900.00"
,,,11/28/2023,,35461.01,,"307,330.00"
,,,11/28/2023,,3258.31,,"62,500.00"
,,,11/28/2023,,,,"1,500.00"
,,,11/28/2023,,32135.4,,"419,350.40"
,,,11/28/2023,,,,"11,250.00"
,,,11/28/2023,,"3,300",,"40,800.00"
,,,11/28/2023,,"31,459.29",,"541,934.00"
,,,11/28/2023,,,,"5,000.00"
,,,11/24/2023,,360,,"4,680.00"
,,,11/24/2023,,893,,"9,530.00"
,,,11/24/2023,,,,"5,880,384.00"
,,,11/23/2023,,"1,228.3",,"3,734.00"
,,,11/23/2023,,11061.8,,"202,813.00"
,,,11/23/2023,,,,"19,575.00"
,,,11/23/2023,,5928.48,,"50,436.58"
,,,11/23/2023,,2130.35,,"28,788.00"
,,,11/23/2023,,,,"5,000.00"
,,,11/22/2023,,1728,,"26,604.00"
,,,11/22/2023,,1262,,"10,630.00"
,,,11/22/2023,,1989,,"22,260.00"
,,,11/22/2023,,1106,,"13,546.00"
,,,11/22/2023,,12598.25,,"95,200.00"
,,,11/22/2023,,,,"9,850.00"
,,,11/21/2023,,"8,310.9",,"123,020.00"
,,,11/21/2023,,,,"11,900.00"
,,,11/21/2023,,5472,,"31,300.00"
,,,11/21/2023,,5800,,"62,500.00"
,,,11/21/2023,,5916.8,,"74,881.80"
,,,11/21/2023,,,,"6,500.00"
,,,11/20/2023,,5988.5,,"23,072.00"
,,,11/20/2023,,1990.5,,"8,766.00"
,,,11/20/2023,,3588,,"40,500.00"
,,,11/20/2023,,1875,,"22,340.00"
,,,11/20/2023,,"14,208",,"217,658.00"
,,,11/17/2023,,2011,,"20,204.00"
,,,11/17/2023,,2662.96,,"34,813.00"
,,,11/16/2023,,3980,,"53,900.00"
,,,11/16/2023,,438,,"7,800.00"
,,,11/16/2023,,28382.88,,"226,706.00"
,,,11/15/2023,,549.1,,"4,640.00"
,,,11/15/2023,,4036.12,,"51,652.00"
,,,11/15/2023,,12626.658,,"165,039.00"
,,,11/15/2023,,14250.29,,"182,923.00"
,,,11/15/2023,,,,"36,000.00"
,,,11/15/2023,,22665.43,,"115,200.00"
,,,11/15/2023,,"12,600.96",,"138,624.00"
,,,11/14/2023,,5338,,"117,500.00"
,,,11/13/2023,,1470,,"20,300.00"
,,,11/13/2023,,"11,682.95",,"126,961.00"
,,,11/13/2023,,113.45,,"1,145.00"
,,,11/10/2023,,61007,,"746,900.00"
,,,11/09/2023,,47332.18,,"486,456.32"
,,,11/09/2023,,13240.59,,"119,760.90"
,,,11/09/2023,,,,"7,000.00"
,,,11/09/2023,,1993,,"19,720.00"
,,,11/09/2023,,6006.16,,"108,719.24"
,,,11/08/2023,,3975.14,,"17,133.00"
,,,11/08/2023,,1091,,"9,873.00"
,,,11/08/2023,,,,"14,000.00"
,,,11/08/2023,,3197,,"27,160.00"
,,,11/07/2023,,,,"1,075,680.00"
,,,11/07/2023,,,,"10,500.00"
,,,11/07/2023,,14162.27,,"109,517.00"
,,,11/07/2023,,,,"11,760,768.00"
,,,11/06/2023,,,,"2,500.00"
,,,11/06/2023,,9860.54,,"61,750.00"
,,,11/06/2023,,2832,,"49,650.00"
,,,11/06/2023,,2832,,"12,350.00"
,,,11/06/2023,,,,"12,948.00"
,,,11/06/2023,,12646.08,,"109,664.00"
,,,11/06/2023,,7498.62,,"103,635.00"
,,,11/06/2023,,14356.92,,"305,137.80"
,,,11/06/2023,,,,"9,000.00"
,,,11/06/2023,,2184,,"30,160.00"
,,,11/06/2023,,11119.74,,"86,306.00"
,,,11/03/2023,,11956,,"165,865.00"
,,,11/03/2023,,,,"7,750.00"
,,,10/27/2023,,"19,389",,"297,792.00"
,,,10/27/2023,,,,"2,200.00"
,,,10/26/2023,,37800,,"558,600.00"
,,,10/26/2023,,1919,,"26,519.00"
,,,10/26/2023,,4897.2,,"20,300.00"
,,,10/25/2023,,6445,,"90,250.00"
,,,10/25/2023,,2628,,"46,800.00"
,,,10/24/2023,,1672,,"17,150.00"
,,,10/24/2023,,"6,908.4",,"75,780.00"
,,,10/24/2023,,8140.6,,"286,700.00"
,,,10/24/2023,,,,"1,442,880.00"
,,,10/24/2023,,1890,,"20,237.00"
,,,10/23/2023,,440,,"1,680.00"
,,,10/23/2023,,"26,184",,"290,423.00"
,,,10/23/2023,,2713,,"31,370.00"
,,,10/23/2023,,,,"20,000.00"
,,,10/23/2023,,8270,,"124,140.00"
,,,10/23/2023,,1168,,"15,376.00"
,,,10/23/2023,,8907.5,,"117,535.00"
,,,10/23/2023,,2172,,"11,146.00"
,,,10/23/2023,,83373.61,,"1,179,645.60"
,,,10/23/2023,,,,"23,500.00"
,,,10/23/2023,,,,"5,951,232.00"
,,,10/23/2023,,"3,717",,"56,812.00"
,,,10/23/2023,,22488.25,,"278,101.00"
,,,10/23/2023,,2997.71,,"44,808.00"
,,,10/23/2023,,2248.29,,"33,606.00"
,,,10/20/2023,,1158,,0.00
,,,10/20/2023,,10754.2,,"64,051.00"
,,,10/19/2023,, 29993.58,,"515,300.00"
,,,10/19/2023,,23897.34,,"89,616.00"
,,,10/19/2023,,42497.29,,"848,675.00"
,,,10/19/2023,,,,"12,375.00"
,,,10/19/2023,,11361.24,,"25,205.00"
,,,10/18/2023,,"6,662.5",,"61,095.00"
,,,10/18/2023,,77421.64,,"1,432,126.00"
,,,10/18/2023,,,,"56,500.00"
,,,10/17/2023,,9286.54,,"79,585.00"
,,,10/17/2023,,9389.56,,"68,700.00"
,,,10/17/2023,,1188,,"14,058.00"
,,,10/17/2023,,"18,242.64",,"277,812.00"
,,,10/17/2023,,,,"11,900.00"
,,,10/17/2023,,2700,,"58,000.00"
,,,10/17/2023,,792,,"10,400.00"
,,,10/17/2023,,50.23,,771.00
,,,10/16/2023,,6036.25,,"116,625.00"
,,,10/16/2023,,,,"12,375.00"
,,,10/16/2023,,4359.48,,"15,410.00"
,,,10/16/2023,,18471.52,,"448,577.00"
,,,10/16/2023,,4850,,"105,000.00"
,,,10/16/2023,,20876.29,,"506,728.00"
,,,10/16/2023,,0,,"34,500.00"
,,,10/16/2023,,4164,,"58,300.00"
,,,10/13/2023,,,,"1,224,000.00"
,,,10/13/2023,,,,"15,000.00"
,,,10/13/2023,,232,,"1,738.00"
,,,10/13/2023,,1269,,"3,597.00"
,,,10/13/2023,,4500,,"129,900.00"
,,,10/13/2023,,0,,"7,500.00"
,,,10/12/2023,,"28,437",,"343,720.00"
,,,10/12/2023,,8430,,"110,740.00"
,,,10/12/2023,,"4,344.26",,"33,296.00"
,,,10/12/2023,,3250,,"19,000.00"
,,,10/11/2023,,20800,,"121,600.00"
,,,10/11/2023,,"19,186",,"247,500.00"
,,,10/11/2023,,36,,755.00
,,,10/11/2023,,14667,,"156,804.90"
,,,10/11/2023,,,,"10,000.00"
,,,10/11/2023,,,,"8,366,400.00"
,,,10/11/2023,,,,"105,000.00"
,,,10/11/2023,,24496,,"433,344.00"
,,,10/11/2023,,,,"11,925.00"
,,,10/11/2023,,825.49,,"17,923.00"
,,,10/11/2023,,42931.12,,"529,276.00"
,,,10/10/2023,,"39,456",,"547,200.00"
,,,10/10/2023,,,,"1,244,160.00"
,,,10/10/2023,,0,,"60,000.00"
,,,10/10/2023,,"30,608.87",,"15,936.00"
,,,10/10/2023,,1344,,"12,536.00"
,,,10/10/2023,,"1,241.6",,0.00
,,,10/10/2023,,3419,,"21,000.00"
,,,10/09/2023,,"397,984",,"15,480.00"
,,,10/09/2023,,"484,216.8",,"1,535,509.80"
,,,10/09/2023,,"430,075.25",,"29,680.00"
,,,10/09/2023,,"484,216.8",,"29,680.00"
,,,10/09/2023,,"369,817",,"1,559,667.00"
,,,10/09/2023,,32091.25,,"544,801.25"
,,,10/09/2023,,5060.37,,"68,299.00"
,,,10/09/2023,,703.8,,"12,432.00"
,,,10/09/2023,,26898.08,,"479,774.68"
,,,10/09/2023,,18716.50,,"281,309.00"
,,,10/09/2023,,37508.02,,"499,235.52"
,,,10/09/2023,,,,"14,000.00"
,,,10/06/2023,,0,,0.00
,,,10/06/2023,,"64,318.1",,"296,854.00"
,,,10/05/2023,,2137,,"38,500.00"
,,,10/05/2023,,6475,,"76,000.00"
,,,10/05/2023,,,,"8,000.00"
,,,10/05/2023,,,,"49,797.99"
,,,10/05/2023,,,,"1,224,000.00"
,,,10/05/2023,,,,"19,425.00"
,,,10/04/2023,,"3,735.09",,"56,385.00"
,,,10/03/2023,,3283.15,,"32,089.00"
,,,10/03/2023,,"3,850",,"62,800.00"
,,,10/02/2023,,"7,850",,"139,400.00"
,,,10/02/2023,,29085.42,,"206,747.00"
,,,10/02/2023,,3598,,"64,050.00"
,,,10/02/2023,,,,"204,000.00"
,,,10/02/2023,,1173,,"20,720.00"
,,,09/29/2023,,,,"1,244,160.00"
,,,09/29/2023,,0,,"60,000.00"
,,,09/28/2023,,9362.5,,"188,195.00"
,,,09/28/2023,,0,,"11,375.00"
,,,09/28/2023,,"5,700",,"97,900.00"
,,,09/28/2023,,1842,,"7,095.00"
,,,09/27/2023,,17858,,"313,000.00"
,,,09/27/2023,,34665,,"275,000.00"
,,,09/27/2023,,,,"5,066,850.00"
,,,09/26/2023,,5870.88,,"87,520.00"
,,,09/26/2023,,"18,520",,"160,000.00"
,,,09/26/2023,,9547.58,,"74,294.00"
,,,09/25/2023,,11307.43,,"115,200.00"
,,,09/25/2023,,1188.50,,"15,870.00"
,,,09/25/2023,,,,"3,000.00"
,,,09/25/2023,,252,,580.00
,,,09/25/2023,,2744,,"41,916.00"
,,,09/25/2023,,9766,,"409,650.00"
,,,09/22/2023,,"7,577.6",,"122,000.00"
,,,09/21/2023,,3146.9,,"20,300.00"
,,,09/20/2023,,5572.7,,"31,255.00"
,,,09/20/2023,,"19,780",,"306,000.00"
,,,09/20/2023,,"3,743",,"50,021.00"
,,,09/19/2023,,345,,"6,260.00"
,,,09/19/2023,,"12,380.16",,"40,428.00"
,,,09/19/2023,,8794.06,,"147,456.00"
,,,09/19/2023,,0,,"9,000.00"
,,,09/19/2023,,8954,,"168,038.00"
,,,09/19/2023,,3274,,"51,454.00"
,,,09/19/2023,,"11,664.53",,"82,574.00"
,,,09/18/2023,,17632,,"338,310.00"
,,,09/18/2023,,1800,,"97,110.00"
,,,09/18/2023,,1100,,"14,850.00"
,,,09/18/2023,,879.75,,"15,540.00"
,,,09/18/2023,,850,,"7,750.00"
,,,09/15/2023,,7350,,"69,960.00"
,,,09/15/2023,,0,,"3,000.00"
,,,09/15/2023,,216.5,,"2,871.00"
,,,09/15/2023,,1771,,"20,300.00"
,,,09/15/2023,,1083,,"13,200.00"
,,,09/15/2023,,55948,,"957,220.00"
,,,09/15/2023,,9791.07,,"127,416.66"
,,,09/14/2023,,2280,,"48,850.00"
,,,09/14/2023,,231,,"4,116.00"
,,,09/14/2023,,4508.80,,"55,060.00"
,,,09/14/2023,,5618.1,,"64,547.70"
,,,09/14/2023,,25793.33,,"596,251.60"
,,,09/14/2023,,0,,"14,000.00"
,,,09/13/2023,,3752,,"55,200.00"
,,,09/12/2023,,,,"1,244,160.00"
,,,09/12/2023,,0,,"60,000.00"
,,,09/12/2023,,5000,,"20,350.00"
,,,09/12/2023,,"35,940",,"502,400.00"
,,,09/12/2023,,"2,689",,"45,880.00"
,,,09/12/2023,,"2,685",,"45,760.00"
,,,09/12/2023,,13673,,"183,515.00"
,,,09/12/2023,,15265,,"204,613.00"
,,,09/12/2023,,,,"33,000.00"
,,,09/11/2023,,24372,,"304,388.00"
,,,09/11/2023,,,,"7,000.00"
,,,09/11/2023,,4983,,"233,200.00"
,,,09/08/2023,,18820,,"144,463.76"
,,,09/08/2023,,0,,"19,250.00"
,,,09/07/2023,,2124,,"27,630.00"
,,,09/07/2023,,9488,,"150,210.00"
,,,09/07/2023,,1680,,"12,872.00"
,,,09/07/2023,,34848.7,,"147,720.00"
,,,09/07/2023,,0,,"10,000.00"
,,,09/07/2023,,"57,934.04",,"763,473.00"
,,,09/07/2023,,11307.43,,"115,200.00"
,,,09/06/2023,,2328,,"50,020.00"
,,,09/05/2023,,3560.45,,"57,304.00"
,,,09/05/2023,,2442,,"23,700.00"
,,,09/05/2023,,13361.95,,"96,709.00"
,,,09/05/2023,,4852,,"56,000.00"
,,,09/05/2023,,0,,"1,500.00"
,,,09/05/2023,,310,,"2,290.00"
,,,09/05/2023,,9690.54,,"67,704.00"
,,,09/05/2023,,"15,440.46",,"453,300.00"
,,,09/05/2023,,3755,,"49,300.00"
,,,09/04/2023,,2680,,"36,180.00"
,,,09/04/2023,,2466,,"32,478.00"
,,,09/04/2023,,760,,"10,288.00"
,,,09/04/2023,,"20,370",,"366,021.00"
,,,09/04/2023,,"5,671",,"96,556.00"
,,,09/04/2023,,0,,"18,000.00"
,,,09/04/2023,,6036,,"87,236.00"
,,,09/04/2023,,,,0.00
,,,09/04/2023,,,,0.00
,,,09/04/2023,,8200,,"54,000.00"
,,,09/04/2023,,531,,"4,450.00"
,,,09/04/2023,,6658,,"27,794.00"
,,,09/04/2023,,"21,233.6",,"261,300.00"
,,,09/04/2023,,68,,"1,220.00"
,,,09/04/2023,,1934.91,,"33,972.00"
,,,09/04/2023,,2162.91,,"7,700.00"
,,,09/04/2023,,228,,"3,528.00"
,,,09/04/2023,,7350,,"17,300.00"
,,,09/04/2023,,,,"9,918,720.00"
,,,09/04/2023,,"23,080",,"167,000.00"
,,,09/04/2023,,"11,327.92",,"153,681.00"
,,,09/04/2023,,0,,"8,176.00"
,,,09/04/2023,,,,"1,382,400.00"
,,,09/04/2023,,0,,"27,500.00"
,,,09/01/2023,,,,"1,224,000.00"
,,,09/01/2023,,,,"1,224,000.00"
,,,09/01/2023,,,,0.00
,,,09/01/2023,,0,,0.00
,,,09/01/2023,,,,"1,244,160.00"
,,,09/01/2023,,,,"60,000.00"
,,,08/31/2023,,5702.8,,"84,080.00"
,,,08/31/2023,,9270,,"134,815.00"
,,,08/31/2023,,4680,,"65,325.00"
,,,08/31/2023,,7189.40,,"111,802.00"
,,,08/31/2023,,0,,0.00
,,,08/30/2023,,230,,"3,130.00"
,,,08/30/2023,,7332.16,,"103,767.04"
,,,08/30/2023,,9000,,"98,784.00"
,,,08/30/2023,,15393.57,,"260,305.00"
,,,08/30/2023,,0,,"9,850.00"
,,,08/29/2023,,"13,284",,"178,686.00"
,,,08/29/2023,,3854.16,,"9,608.00"
,,,08/29/2023,,22137.1,,"297,220.00"
,,,08/29/2023,,1717.5,,"13,944.00"
,,,08/25/2023,,900,,"14,040.00"
,,,08/25/2023,,23000,,"313,000.00"
,,,08/25/2023,,644,,"8,764.00"
,,,08/25/2023,,,,"1,382,400.00"
,,,08/25/2023,,0,,"27,500.00"
,,,08/25/2023,,92,,"1,252.00"
,,,08/24/2023,,570,,"4,350.00"
,,,08/24/2023,,15960.36,,"98,627.00"
,,,08/24/2023,,10890.1,,"155,820.00"
,,,08/24/2023,,0,,"7,000.00"
,,,08/23/2023,,3447,,"17,401.00"
,,,08/23/2023,,1247.88,,"17,347.00"
,,,08/22/2023,,4495,,"16,060.00"
,,,08/22/2023,,1613.4,,"17,764.00"
,,,08/22/2023,,450,,"6,075.00"
,,,08/22/2023,,1242,,"13,678.00"
,,,08/22/2023,,937.2,,"12,877.20"
,,,08/22/2023,,2450,,"38,930.00"
,,,08/22/2023,,0,,"6,500.00"
,,,08/22/2023,,9596,,"73,548.00"
,,,08/22/2023,,2184,,"45,150.00"
,,,08/22/2023,,17502.8,,"164,617.20"
,,,08/22/2023,,0,,"3,000.00"
,,,08/22/2023,,16740,,"92,070.00"
,,,08/18/2023,,,,"2,030,976.00"
,,,08/18/2023,,13561.80,,"117,389.30"
,,,08/18/2023,,"13,854.89",,"237,283.00"
,,,08/18/2023,,0,,"8,176.00"
,,,08/18/2023,,18540,,"199,920.00"
,,,08/17/2023,,18732.2,,"398,752.20"
,,,08/17/2023,,0,,"1,500.00"
,,,08/17/2023,,"2,120.1",,"28,900.00"
,,,08/17/2023,,12364,,"186,389.00"
,,,08/17/2023,,12305.45,,"224,717.13"
,,,08/17/2023,,0,,"7,750.00"
,,,08/16/2023,,648,,"4,648.00"
,,,08/16/2023,,8170,,"241,550.00"
,,,08/16/2023,,3454 (8.6%),,"39,800.00"
,,,08/16/2023,,16636.54,,"125,168.54"
,,,08/15/2023,,1464,,"18,600.00"
,,,08/15/2023,,0,,"1,500.00"
,,,08/15/2023,,2809,,"7,040.00"
,,,08/15/2023,,8967.73,,"78,660.00"
,,,08/15/2023,,0,,"1,500.00"
,,,08/15/2023,,"12,519.50",,"109,686.50"
,,,08/15/2023,,0,,"14,875.00"
,,,08/14/2023,,3800,,"53,200.00"
,,,08/14/2023,,0,,0.00
,,,08/14/2023,,2809,,"22,335.00"
,,,08/14/2023,,2146,,"16,438.00"
,,,08/14/2023,,38850,,"286,650.00"
,,,08/14/2023,,0,,"9,000.00"
,,,08/14/2023,,14498,,"138,988.00"
,,,08/11/2023,,813,,"7,730.00"
,,,08/11/2023,,"6,478.5",,"52,500.00"
,,,08/11/2023,,,,"8,029,440.00"
,,,08/10/2023,,"9,724.38",,"56,280.00"
,,,08/10/2023,,"9,724.38",,"56,280.00"
,,,08/10/2023,,"9,724.38",,"56,280.00"
,,,08/10/2023,,"7,021.75",,"40,636.00"
,,,08/10/2023,,0,,"8,250.00"
,,,08/10/2023,,24935.04,,"308,610.35"
,,,08/10/2023,,0,,"8,000.00"
,,,08/10/2023,,10857.16,,"160,239.00"
,,,08/09/2023,,55961,,"894,590.00"
,,,08/09/2023,,68521.5,,"428,572.00"
,,,08/09/2023,,8188.32,,"131,959.00"
,,,08/09/2023,,0,,"7,750.00"
,,,08/09/2023,,3087,,"32,606.00"
,,,08/08/2023,,572,,"7,860.00"
,,,08/08/2023,,16417,,"164,911.00"
,,,08/08/2023,,16417,,"164,911.00"
,,,08/08/2023,,0,,"4,500.00"
,,,08/08/2023,,0,,"4,500.00"
,,,08/08/2023,,10780,,"94,094.00"
,,,08/08/2023,,,,"1,382,400.00"
,,,08/08/2023,,,,"27,500.00"
,,,08/07/2023,,"85,607.40",,"986,350.40"
,,,08/07/2023,,32300.20,,"375,555.60"
,,,08/07/2023,,"104,002.06",,"978,429.06"
,,,08/07/2023,,154298.10,,"970,278.40"
,,,08/07/2023,,26100,,"238,728.00"
,,,08/07/2023,,84660,,"974,668.80"
,,,08/07/2023,,39300,,"295,176.00"
,,,08/07/2023,,56000,,"603,680.00"
,,,08/07/2023,,63560,,"685,176.80"
,,,08/07/2023,,"70,101.9",,"925,465.00"
,,,08/07/2023,,0,,"28,000.00"
,,,08/07/2023,,"5,000",,"57,000.00"
,,,08/07/2023,,14380.17,,"135,689.00"
,,,08/07/2023,,7280,,"82,500.00"
,,,08/07/2023,,540,,"4,740.00"
,,,08/07/2023,,,,"505,860.00"
,,,08/07/2023,,780,,"13,800.00"
,,,08/07/2023,,0,,"3,000.00"
,,,08/07/2023,,9951.90,,"151,770.00"
,,,08/07/2023,,62630.94,,"959,065.00"
,,,08/07/2023,,0,,"20,000.00"
,,,08/07/2023,,23000,,"313,000.00"
,,,08/07/2023,,4600,,"62,600.00"
,,,08/07/2023,,975,,"15,000.00"
,,,08/04/2023,,400,,"56,100.00"
,,,08/04/2023,,3850,,"187,812.00"
,,,08/03/2023,,1415,,"17,066.00"
,,,08/03/2023,,628,,"3,978.00"
,,,08/03/2023,,2237.44,,"16,240.00"
,,,08/03/2023,,78047,,"339,032.96"
,,,08/03/2023,,0,,"18,000.00"
,,,08/03/2023,,2205,,"24,255.00"
,,,08/03/2023,,1080,,0.00
,,,08/03/2023,,3152,,"70,192.00"
,,,08/02/2023,,1249,,"10,741.00"
,,,08/01/2023,,37496,,"502,400.00"
,,,08/01/2023,,12955.17,,"270,619.47"
,,,08/01/2023,,0,,0.00
,,,08/01/2023,,9951.90,,"151,770.00"
,,,08/01/2023,,7356,,"114,561.00"
,,,08/01/2023,,0,,"5,900.00"
,,,08/01/2023,,14600,,"144,400.00"
,,,07/28/2023,,5106,,"25,000.00"
,,,07/27/2023,,1085,,"18,980.00"
,,,07/27/2023,,3414,,"37,536.00"
,,,07/26/2023,,3808.28,,"56,132.44"
,,,07/26/2023,,7079.79,,"62,100.00"
,,,07/26/2023,,,,"1,500.00"
,,,07/26/2023,,22341,,"339,768.00"
,,,07/26/2023,,6300,,"217,600.00"
,,,07/25/2023,,7030,,"81,000.00"
,,,07/25/2023,,0,,"8,000.00"
,,,07/25/2023,,3892.9,,"39,451.00"
,,,07/24/2023,,32126.76,,"403,214.00"
,,,07/24/2023,,"19,020",,"167,000.00"
,,,07/24/2023,,38955.64,,"471,972.00"
,,,07/24/2023,,0,,"10,080.00"
,,,07/24/2023,,20708.62,,"421,544.97"
,,,07/24/2023,,0,,"7,500.00"
,,,07/24/2023,,23360.96,,"475,729.65"
,,,07/24/2023,,23360.96,,"7,500.00"
,,,07/21/2023,,25978.68,,"380,316.00"
,,,07/21/2023,,15806,,"34,288.00"
,,,07/21/2023,,0,,"27,000.00"
,,,07/21/2023,,53260,,"572,212.20"
,,,07/21/2023,,5255,,"72,850.00"
,,,07/21/2023,,0,,"18,000.00"
,,,07/21/2023,,2346,,"50,460.00"
,,,07/21/2023,,4221,,"45,864.00"
,,,07/21/2023,,12811.05,,"138,825.82"
,,,07/20/2023,,"17,038",,"376,240.00"
,,,07/20/2023,,0,,"1,600.00"
,,,07/20/2023,,1230,,"16,641.00"
,,,07/20/2023,,0,,"5,000.00"
,,,07/19/2023,,64549.66,,"1,196,245.71"
,,,07/19/2023,,0,,"7,500.00"
,,,07/19/2023,,5175,,"59,358.00"
,,,07/19/2023,,31366,,"338,064.72"
,,,07/18/2023,,"9,353.94",,"114,539.00"
,,,07/18/2023,,0,,600.00
,,,07/18/2023,,4553.16,,"93,935.16"
,,,07/18/2023,,15308,,"117,152.00"
,,,07/18/2023,,1110.6,,"17,016.00"
,,,07/17/2023,,0,,"211,500.00"
,,,07/17/2023,,2400,,"15,150.00"
,,,07/17/2023,,12040,,"85,280.00"
,,,07/17/2023,,0,,"1,500.00"
,,,07/17/2023,,22275.5,,"308,848.00"
,,,07/17/2023,,0,,"8,000.00"
,,,07/14/2023,,31928,,"344,764.00"
,,,07/14/2023,,19914,,"213,208.80"
,,,07/14/2023,,56000,,"603,680.00"
,,,07/14/2023,,63560,,"685,176.80"
,,,07/14/2023,,9349,,"110,290.00"
,,,07/14/2023,,0,,"192,000.00"
,,,07/14/2023,,12209.52,,"225,191.32"
,,,07/14/2023,,0,,"8,500.00"
,,,07/14/2023,,,,"1,520,640.00"
,,,07/14/2023,,12914,,"51,810.00"
,,,07/14/2023,,13739.6,,"228,915.64"
,,,07/14/2023,,0,,"1,500.00"
,,,07/14/2023,,,,"881,280.00"
,,,07/13/2023,,0,,0.00
,,,07/13/2023,,49636.68,,"482,823.00"
,,,07/13/2023,,0,,"1,500.00"
,,,07/13/2023,,5362,,"45,985.52"
,,,07/13/2023,,10758,,"115,800.00"
,,,07/13/2023,,,,"7,200.00"
,,,07/13/2023,,12368.36,,"156,600.00"
,,,07/12/2023,,1554,,"172,000.00"
,,,07/12/2023,,,,"14,592,960.00"
,,,07/12/2023,,0,,0.00
,,,07/11/2023,,16496.64,,"340,434.00"
,,,07/10/2023,,"82,810.57",,"921,391.68"
,,,07/10/2023,,0,,"13,200.00"
,,,07/07/2023,,0,,"12,500.00"
,,,07/06/2023,,0,,"1,500.00"
,,,07/06/2023,,"32,284.94",,"431,192.00"
,,,07/06/2023,,18416.12,,"259,136.00"
,,,07/05/2023,,12550,,"171,550.00"
,,,07/05/2023,,16410,,"764,715.00"
,,,07/05/2023,,1347,,"15,150.00"
,,,07/05/2023,,232,,"2,562.00"
,,,07/05/2023,,0,,"1,500.00"
,,,07/05/2023,,2010,,"20,400.00"
,,,07/05/2023,,28800,,"1,382,400.00"
,,,07/05/2023,,0,,"15,000.00"
,,,07/05/2023,,3514.5,,"31,302.00"
,,,07/05/2023,,"19,021",,"90,246.00"
,,,07/05/2023,,0,,"4,500.00"
,,,07/04/2023,,3850,,"55,650.00"
,,,07/04/2023,,888,,"9,776.00"
,,,07/04/2023,,968,,"10,678.00"
,,,07/04/2023,,64622.91,,"866,846.00"
,,,07/04/2023,,4560.3,,"65,717.00"
,,,07/04/2023,,0,,"42,750.00"
,,,07/04/2023,,1269,,"14,560.00"
,,,07/04/2023,,1554,,"64,500.00"
,,,07/04/2023,,9100,,"100,100.00"
,,,07/03/2023,,280,,"1,580.00"
,,,07/03/2023,,9872.72,,"87,718.00"
,,,07/03/2023,,"14,140",,"167,000.00"
,,,07/03/2023,,2050,,"21,520.00"
,,,07/03/2023,,"4,901",,"30,943.00"
,,,07/03/2023,,4523.45,,"50,153.00"
,,,06/30/2023,,1476,,"14,473.00"
,,,06/29/2023,,,,"3,110,400.00"
,,,06/29/2023,,3240,,"60,000.00"
,,,06/29/2023,,0,,"11,000.00"
,,,06/27/2023,,"17,982",,"196,020.00"
,,,06/27/2023,,923,,"7,846.00"
,,,06/27/2023,,1202,,"7,140.00"
,,,06/27/2023,,2400.12,,"32,431.00"
,,,06/27/2023,,7960,,"76,578.00"
,,,06/27/2023,,0,,"4,900.00"
,,,06/26/2023,,"1,286.4",,"21,307.40"
,,,06/26/2023,,3290,,"40,892.00"
,,,06/26/2023,,5425,,"72,030.00"
,,,06/26/2023,,0,,"18,000.00"
,,,06/26/2023,,1486.4,,"16,357.00"
,,,06/26/2023,,,,"2,073,600.00"
,,,06/26/2023,,57008,,"884,250.00"
,,,06/26/2023,,780,,"2,600.00"
,,,06/26/2023,,"6,000",,"200,000.00"
,,,06/23/2023,,"22,307.2",,"360,766.00"
,,,06/23/2023,,0,,"4,500.00"
,,,06/23/2023,,2854.95,,"50,494.95"
,,,06/23/2023,,0,,"1,500.00"
,,,06/23/2023,,80663.6,,0.00
,,,06/23/2023,,12949.15,,0.00
,,,06/22/2023,,4802,,"64,240.00"
,,,06/22/2023,,1434,,"10,700.00"
,,,06/22/2023,,8861.2,,"63,985.00"
,,,06/21/2023,,111659.08,,"945,757.00"
,,,06/21/2023,,0,,"16,800.00"
,,,06/21/2023,,2796.8,,"20,300.00"
,,,06/21/2023,,3850,,"41,800.00"
,,,06/21/2023,,784,,"8,656.00"
,,,06/21/2023,,100,,700.00
,,,06/20/2023,,32016.63,,"621,917.00"
,,,06/20/2023,,0,,"33,825.00"
,,,06/20/2023,,1340,,"13,600.00"
,,,06/20/2023,,1510,,"15,146.00"
,,,06/20/2023,,34019,,"578,100.00"
,,,06/20/2023,,,,"5,008,320.00"
,,,06/20/2023,,0,,0.00
,,,06/20/2023,,"4,689.6",,"57,692.60"
,,,06/19/2023,,9272,,"106,400.00"
,,,06/19/2023,,58800,,"633,864.00"
,,,06/19/2023,,476,,"6,710.00"
,,,06/19/2023,,12828.76,,"171,618.00"
,,,06/19/2023,,0,,"1,500.00"
,,,06/16/2023,,315.56,,"3,150.00"
,,,06/16/2023,,0,,"9,100.00"
,,,06/16/2023,,4256,,"32,620.00"
,,,06/16/2023,,5053,,"55,360.00"
,,,06/15/2023,,57542.19,,"621,081.00"
,,,06/15/2023,,0,,"6,500.00"
,,,06/15/2023,,2728.12,,"64,139.00"
,,,06/15/2023,,0,,"4,900.00"
,,,06/15/2023,,3000,,"32,340.00"
,,,06/15/2023,,1049,,"9,317.00"
,,,06/13/2023,,3521,,"31,860.00"
,,,06/13/2023,,38875,,"361,552.38"
,,,06/13/2023,,2212,,"16,573.76"
,,,06/09/2023,,8021.1,,"97,299.00"
,,,06/09/2023,,14279.07,,"81,462.00"
,,,06/08/2023,,18816,,"252,672.00"
,,,06/08/2023,,13742,,"103,750.00"
,,,06/08/2023,,127110,,"833,910.00"
,,,06/08/2023,,11414,,"112,700.00"
,,,06/08/2023,,11414,,"1,500.00"
,,,06/08/2023,,19409.87,,"188,185.48"
,,,06/07/2023,,12808.3,,"157,140.00"
,,,06/07/2023,,0,,"1,500.00"
,,,06/07/2023,,17957.25,,"258,750.00"
,,,06/06/2023,,176,,876.00
,,,06/05/2023,,810,,"8,910.00"
,,,06/05/2023,,1110,,"10,650.00"
,,,06/05/2023,,"18,242.92",,"592,364.60"
,,,06/02/2023,,84,,"1,128.00"
,,,06/02/2023,,3863,,"28,056.42"
,,,06/02/2023,,4170.88,,"69,372.80"
,,,06/01/2023,,"18,623.7",,"228,885.00"
,,,06/01/2023,,0,,"5,900.00"
,,,06/01/2023,,855,,"9,420.00"
,,,06/01/2023,,243515.00,,"1,631,950.00"
,,,06/01/2023,,0,,0.00
,,,06/01/2023,,5764,,"49,681.10"
,,,06/01/2023,,"47,005.15",,"456,499.50"
,,,06/01/2023,,"20,469.7",,"145,750.50"
,,,06/01/2023,,0,,"15,750.00"
,,,05/30/2023,,"4,719.57",,"59,800.00"
,,,05/30/2023,,,,"8,590.00"
,,,05/30/2023,,7782,,"138,600.00"
,,,05/30/2023,,508,,"5,588.00"
,,,05/30/2023,,3160,,"17,940.00"
,,,05/30/2023,,160.64,,"1,760.00"
,,,05/29/2023,,2100,,"28,200.00"
,,,05/29/2023,,1622.28,,"34,108.00"
,,,05/26/2023,,40151.51,,"390,494.00"
,,,05/26/2023,,0,,"11,000.00"
,,,05/26/2023,,6050.94,,"67,653.00"
,,,05/26/2023,,6050.94,,"9,450.00"
,,,05/26/2023,,"34,657",,"618,310.00"
,,,05/25/2023,,,,"1,353,600.00"
,,,05/25/2023,,643,,"11,400.00"
,,,05/24/2023,,33879.46,,"492,553.00"
,,,05/24/2023,,910,,"9,940.00"
,,,05/24/2023,,7803.49,,"65,658.00"
,,,05/24/2023,,10979,,"74,257.00"
,,,05/23/2023,,310,,"3,300.00"
,,,05/23/2023,,266,,0.00
,,,05/23/2023,,5786,,"63,700.00"
,,,05/23/2023,,900,,0.00
,,,05/22/2023,,5048,,"69,760.00"
,,,05/22/2023,,7250,,"132,500.00"
,,,05/22/2023,,6907,,"122,175.00"
,,,05/22/2023,,,,"8,000.00"
,,,05/22/2023,,4235,,"112,000.00"
,,,05/22/2023,,"45,382",,"300,900.00"
,,,05/22/2023,,"5,548.35",,"83,000.00"
,,,05/22/2023,,6000,,"76,000.00"
,,,05/22/2023,,134,,"1,255.00"
,,,05/22/2023,,14370,,"149,950.00"
,,,05/19/2023,,42,,564.00
,,,05/19/2023,,972,,"10,712.00"
,,,05/18/2023,,8100,,"270,000.00"
,,,05/18/2023,,100,,"1,279.00"
,,,05/18/2023,,,,"36,050.00"
,,,05/18/2023,,,,"2,405,376.00"
,,,05/18/2023,,80528.44,,"910,129.92"
,,,05/17/2023,,"16,638.09",,"223,641.99"
,,,05/17/2023,,,,"9,000.00"
,,,05/17/2023,,"34,840.89",,"376,950.00"
,,,05/17/2023,,,,0.00
,,,05/17/2023,,45,,0.00
,,,05/16/2023,,1465,,"13,170.00"
,,,05/16/2023,,18818,,"338,200.00"
,,,05/15/2023,,3272,,"76,360.00"
,,,05/15/2023,,"7,607.32",,"74,342.00"
,,,05/15/2023,,,,"5,900.00"
,,,05/15/2023,,13028.15,,"90,596.00"
,,,05/11/2023,,2660.75,,"22,452.00"
,,,05/10/2023,,2052,,"51,300.00"
,,,05/10/2023,,1424,,"14,469.00"
,,,05/10/2023,,"1,750",,0.00
,,,05/10/2023,,0,,0.00
,,,05/10/2023,,13067,,"234,986.00"
,,,05/10/2023,,589824,,"7,225,344.00"
,,,05/09/2023,,3319,,"36,080.00"
,,,05/09/2023,,3534.5,,"58,000.00"
,,,05/09/2023,,0,,"1,500.00"
,,,05/09/2023,,111517.90,,"1,195,560.80"
,,,05/09/2023,,"120,420.64",,"808,224.00"
,,,05/08/2023,,200,,"1,104.00"
,,,05/08/2023,,"26,215",,"1,155,800.00"
,,,05/08/2023,,,,"9,000.00"
,,,05/08/2023,,"20,117.7",,"181,980.00"
,,,05/08/2023,,,,"6,250.00"
,,,05/08/2023,,54,,"1,350.00"
,,,05/05/2023,,"17,844",,"327,800.00"
,,,05/05/2023,,2691.85,,"52,990.00"
,,,05/04/2023,,,,"8,600.00"
,,,05/04/2023,,42278.06,,"409,518.00"
,,,05/04/2023,,,,"30,000.00"
,,,05/04/2023,,4194.8,,"66,529.80"
,,,05/04/2023,,9244,,"124,656.00"
,,,05/04/2023,,317,,"3,470.00"
,,,05/03/2023,,200,,"1,104.00"
,,,05/03/2023,,"8,995",,"105,070.00"
,,,05/03/2023,,677,,"7,452.00"
,,,05/03/2023,,2365,,"21,235.00"
,,,05/03/2023,,"60,924.32",,"731,000.00"
,,,05/03/2023,,,,"9,000.00"
,,,05/02/2023,,138240,,"3,248,640.00"
,,,05/02/2023,,2996,,"31,838.00"
,,,05/02/2023,,,,"5,900.00"
,,,05/02/2023,,"43,430",,"513,130.00"
,,,05/02/2023,,3571,,"42,200.00"
,,,05/02/2023,,,,"16,250.00"
,,,05/02/2023,,"50,367.39",,"745,672.20"
,,,05/02/2023,,4914,,"84,600.00"
,,,05/02/2023,,"14,425.71",,"215,800.00"
,,,04/27/2023,,"2,700",,"9,000.00"
,,,04/27/2023,,"24,282",,"267,092.00"
,,,04/27/2023,,,,"55,000.00"
,,,04/27/2023,,3936.08,,"43,200.00"
,,,04/26/2023,,33,,438.00
,,,04/26/2023,,26489.56,,"333,284.00"
,,,04/25/2023,,556,,"5,200.00"
,,,04/25/2023,,"10,361.4",,"128,400.00"
,,,04/25/2023,,"1,800",,"19,600.00"
,,,04/25/2023,,"26,249.13",,"493,464.00"
,,,04/25/2023,,,,"10,800.00"
,,,04/24/2023,,,,"13,248,000.00"
,,,04/24/2023,,"3,652",,"40,710.00"
,,,04/24/2023,,0,,500.00
,,,04/24/2023,,61.5,,663.00
,,,04/24/2023,,"4,796",,"42,860.00"
,,,04/20/2023,,16491,,"180,780.00"
,,,04/19/2023,,14024,,"247,400.00"
,,,04/19/2023,,"45,159.06",,"399,789.60"
,,,04/19/2023,,6595.36,,"73,373.58"
,,,04/19/2023,,,,"1,500.00"
,,,04/19/2023,,103518,,"1,868,200.00"
,,,04/18/2023,,4005,,"43,760.00"
,,,04/18/2023,,1470,,"11,922.00"
,,,04/18/2023,,0,,"5,900.00"
,,,04/18/2023,,"36,864",,"884,736.00"
,,,04/18/2023,,0,,"19,000.00"
,,,04/17/2023,,"183,255.86",,"1,208,889.00"
,,,04/17/2023,,0,,"15,000.00"
,,,04/14/2023,,"39,090",,"401,400.00"
,,,04/14/2023,,6200,,"132,600.00"
,,,04/14/2023,,3280,,"36,080.00"
,,,04/13/2023,,"11,096.7",,"166,000.00"
,,,04/13/2023,,"13,396.9",,"178,750.00"
,,,04/13/2023,,0,,"5,900.00"
,,,04/12/2023,,"2,739",,0.00
,,,04/12/2023,,1332,,"19,800.00"
,,,04/12/2023,,18490.71,,"328,752.27"
,,,04/11/2023,,"27,467",,"371,349.00"
,,,04/11/2023,,,,"7,000.00"
,,,04/11/2023,,455.33,,"4,578.00"
,,,04/11/2023,,23995,,"390,060.00"
,,,04/11/2023,,,,"1,500.00"
,,,04/11/2023,,11884,,"158,031.00"
,,,04/11/2023,,"18,913.79",,"288,462.00"
,,,04/11/2023,,,,"11,375.00"
,,,04/05/2023,,7094.8,,"77,954.00"
,,,04/04/2023,,"17,069",,"525,795.00"
,,,04/04/2023,,"16,976.7",,"186,600.00"
,,,04/04/2023,,4834.15,,"98,450.00"
,,,04/04/2023,,,,"7,000.00"
,,,04/04/2023,,11000,,"121,100.00"
,,,04/03/2023,,"14,696",,"426,600.00"
,,,04/03/2023,,2149,,"22,628.00"
,,,04/03/2023,,5674,,"65,800.00"
,,,04/03/2023,,1518,,"15,678.00"
,,,04/03/2023,,71892.23,,"1,276,547.58"
,,,04/03/2023,,83762.78,,"7,500.00"
,,,04/03/2023,,3759,,"41,530.00"
,,,04/03/2023,,7451,,"130,000.00"
,,,04/03/2023,,1362,,"14,358.00"
,,,04/03/2023,,12912,,"192,288.00"
,,,03/31/2023,,53074.43,,"454,242.74"
,,,03/30/2023,,,,"5,000.00"
,,,03/30/2023,,"14,591.46",,"323,100.00"
,,,03/30/2023,,1663.74,,"27,525.00"
,,,03/30/2023,,,,"5,000.00"
,,,03/30/2023,,,,0.00
,,,03/29/2023,,9804.7,,"181,086.00"
,,,03/29/2023,,960,,"19,720.00"
,,,03/29/2023,,"31,345",,"293,122.00"
,,,03/29/2023,,1925,,"11,925.00"
,,,03/29/2023,,,,"8,400.00"
,,,03/29/2023,,,,"1,000.00"
,,,03/29/2023,,"2,430",,"29,430.00"
,,,03/29/2023,,,,300.00
,,,03/28/2023,,64622.91,,0.00
,,,03/28/2023,,,,0.00
,,,03/28/2023,,"1,852.4",,"29,445.00"
,,,03/28/2023,,820,,"9,020.00"
,,,03/28/2023,,8707.5,,"117,900.00"
,,,03/28/2023,,48209.41,,"635,217.00"
,,,03/28/2023,,63165.68,,"201,285.00"
,,,03/27/2023,,61372.51,,"357,820.00"
,,,03/27/2023,,4983,,"68,100.00"
,,,03/27/2023,,3684,,"40,080.00"
,,,03/27/2023,,"16,518.4",,"373,600.00"
,,,03/27/2023,,0,,"1,500.00"
,,,03/27/2023,,15925,,"303,250.00"
,,,03/27/2023,,29899,,"467,450.00"
,,,03/27/2023,,"19,237.82",,"312,513.00"
,,,03/24/2023,,"4,796",,0.00
,,,03/24/2023,,,,"14,112,000.00"
,,,03/24/2023,,,,"19,425.00"
,,,03/23/2023,,1750,,"19,000.00"
,,,03/23/2023,,"34,634",,"684,121.00"
,,,03/23/2023,,,,"5,000.00"
,,,03/23/2023,,"7,671.59",,"103,016.00"
,,,03/23/2023,,,,"7,840.00"
,,,03/22/2023,,8490,,"253,300.00"
,,,03/22/2023,,3572,,"46,800.00"
,,,03/21/2023,,2400,,"54,000.00"
,,,03/21/2023,,554.95,,"5,165.00"
,,,03/20/2023,,1312,,"13,598.00"
,,,03/20/2023,,668,,"6,415.00"
,,,03/20/2023,,755,,"7,977.00"
,,,03/19/2023,,16492,,"291,788.00"
,,,03/17/2023,,60735,,"562,100.00"
,,,03/17/2023,,73286.86,,"788,758.88"
,,,03/17/2023,,,,"23,500.00"
,,,03/17/2023,,74043.44,,"795,133.78"
,,,03/17/2023,,,,"23,500.00"
,,,03/16/2023,,102690.89,,"983,066.00"
,,,03/16/2023,,4062,,"29,820.00"
,,,03/16/2023,,"24,453",,"249,360.00"
,,,03/16/2023,,,,"9,000.00"
,,,03/16/2023,,"4,972.52",,"82,804.00"
,,,03/16/2023,,,,"9,275.00"
,,,03/16/2023,,95784,,0.00
,,,03/16/2023,,2421,,"19,870.00"
,,,03/15/2023,,16225,,"95,000.00"
,,,03/15/2023,,,,"8,000.00"
,,,03/15/2023,,102690.89,,"557,156.00"
,,,03/15/2023,,0,,"42,750.00"
,,,03/14/2023,,66421,,"1,238,000.00"
,,,03/14/2023,,3866.4,,"36,560.00"
,,,03/14/2023,,"4,277.5",,"65,660.00"
,,,03/14/2023,,,,"1,500.00"
,,,03/14/2023,,32100,,"573,780.00"
,,,03/14/2023,,"76,702.75",,"1,425,000.00"
,,,03/14/2023,,5600.6,,"95,137.00"
,,,03/14/2023,,"45,222.77",,"900,000.00"
,,,03/14/2023,,14897.86,,"382,649.00"
,,,03/14/2023,,,,"5,000.00"
,,,03/14/2023,,17266.7,,"452,085.00"
,,,03/14/2023,,0,,"1,500.00"
,,,03/14/2023,,"24,079.5",,"371,814.30"
,,,03/14/2023,,2022,,"23,544.00"
,,,03/13/2023,,86400,,"2,764,800.00"
,,,03/13/2023,,172800,,"5,529,600.00"
,,,03/13/2023,,21677.5,,"274,100.00"
,,,03/13/2023,,8401.89,,"263,858.00"
,,,03/13/2023,,1230,,"10,030.00"
,,,03/10/2023,,688,,"4,416.00"
,,,03/10/2023,,10960,,"84,000.00"
,,,03/10/2023,,"22,854.68",,"254,850.00"
,,,03/09/2023,,"5,065",,"46,900.00"
,,,03/09/2023,,22517,,"366,976.00"
,,,03/09/2023,,311409.75,,"4,934,410.00"
,,,03/09/2023,,,,"113,652.00"
,,,03/09/2023,,1604,,"12,640.00"
,,,03/09/2023,,4294,,"76,840.00"
,,,03/09/2023,,,,"1,500.00"
,,,03/09/2023,,0,,"18,000.00"
,,,03/08/2023,,,,"9,000.00"
,,,03/08/2023,,"45,409.1",,"538,500.00"
,,,03/08/2023,,,,0.00
,,,03/08/2023,,111542.54,,"1,969,559.00"
,,,03/08/2023,,0,,"11,200.00"
,,,03/08/2023,,"19,425",,"300,468.00"
,,,03/08/2023,,,,"1,500.00"
,,,03/07/2023,,259200,,0.00
,,,03/07/2023,,,,"1,624,320.00"
,,,03/07/2023,,1707.3,,"30,180.00"
,,,03/07/2023,,490,,"5,329.00"
,,,03/06/2023,,2653,,"47,650.00"
,,,03/06/2023,,2888,,"45,200.00"
,,,03/06/2023,,14619,,"136,808.00"
,,,03/06/2023,,3041,,"50,309.00"
,,,03/06/2023,,"68,961",,"930,280.00"
,,,03/06/2023,,6670,,"116,049.00"
,,,03/03/2023,,9976.5,,"152,340.00"
,,,03/03/2023,,42831.5,,"778,463.00"
,,,03/03/2023,,,,"23,500.00"
,,,03/03/2023,,4871.09,,"50,077.00"
,,,03/03/2023,,5589,,"61,411.00"
,,,03/03/2023,,1080,,"9,874.00"
,,,03/02/2023,,23555,,"425,000.00"
,,,03/02/2023,,100,,"1,300.00"
,,,03/01/2023,,"2,087.82",,"14,630.00"
,,,03/01/2023,,0,,"3,000.00"
,,,03/01/2023,,86400,,"2,764,800.00"
,,,03/01/2023,,13710.16,,"186,998.00"
,,,03/01/2023,,,,"10,800.00"
,,,03/01/2023,,19600,,"175,667.00"
,,,03/01/2023,,0,,"8,000.00"
,,,03/01/2023,,9225.22,,"103,755.00"
,,,03/01/2023,,23896,,"221,813.20"
,,,03/01/2023,,19754,,"97,000.00"
,,,03/01/2023,,6689.8,,"75,378.00"
,,,03/01/2023,,17991.36,,"202,194.00"
,,,03/01/2023,,46843.6,,"472,999.00"
,,,03/01/2023,,4796,,"72,226.00"
,,,03/01/2023,,0,,"5,000.00"
,,,03/01/2023,,5736.92,,"64,684.00"
,,,03/01/2023,,18121.44,,"204,276.00"
,,,03/01/2023,,5787.26,,"65,100.00"
,,,03/01/2023,,8500,,"17,000.00"
,,,03/01/2023,,681,,"5,850.00"
,,,02/28/2023,,4080,,"32,000.00"
,,,02/28/2023,,1270,,"11,300.00"
,,,02/27/2023,,768,,"6,004.00"
,,,02/27/2023,,2231,,"26,916.00"
,,,02/27/2023,,3609,,"192,300.00"
,,,02/27/2023,,,,"3,000.00"
,,,02/23/2023,,"16,645.05",,"249,000.00"
,,,02/23/2023,,6027.62,,"56,254.00"
,,,02/23/2023,,3072,,"41,472.00"
,,,02/23/2023,,26038,,"278,790.40"
,,,02/23/2023,,"172,800",,"2,851,200.00"
,,,02/23/2023,,0,,"20,000.00"
,,,02/23/2023,,824,,"15,210.00"
,,,02/23/2023,,1010,,"11,043.00"
,,,02/23/2023,,,,"2,000.00"
,,,02/23/2023,,2063719.15,,"41,174,149.67"
,,,02/22/2023,,5122,,"58,655.00"
,,,02/22/2023,,,,"2,935,296.00"
,,,02/22/2023,,7704,,"24,804.00"
,,,02/22/2023,,7018.24,,"74,091.92"
,,,02/21/2023,,,,"8,284.00"
,,,02/21/2023,,37695.08,,"688,716.00"
,,,02/21/2023,,13831.9,,"245,040.00"
,,,02/21/2023,,,,"1,500.00"
,,,02/21/2023,,1708,,"15,158.64"
,,,02/21/2023,,,,"3,000.00"
,,,02/21/2023,,8628.6,,"180,864.00"
,,,02/21/2023,,,,"8,400.00"
,,,02/20/2023,,750,,"11,640.00"
,,,02/20/2023,,26028,,"108,000.00"
,,,02/20/2023,,,,"18,200.00"
,,,02/20/2023,,"32,610",,"525,320.00"
,,,02/17/2023,,244.4,,0.00
,,,02/17/2023,,4088,,"51,200.00"
,,,02/16/2023,,3580,,"59,552.00"
,,,02/16/2023,,69936.80,,"752,934.00"
,,,02/16/2023,,2500,,"23,500.00"
,,,02/15/2023,,2292.75,,"26,020.00"
,,,02/15/2023,,4000,,"229,000.00"
,,,02/15/2023,,91732,,"1,397,832.00"
,,,02/15/2023,,0,,"8,250.00"
,,,02/14/2023,,"-8,208,000",,0.00
,,,02/14/2023,,"-8,208000",,0.00
,,,02/14/2023,,259200,,"8,294,400.00"
,,,02/14/2023,,172800,,"5,529,600.00"
,,,02/14/2023,,3610,,"36,025.00"
,,,02/14/2023,,2200,,"18,277.00"
,,,02/14/2023,,372055.02,,"2,767,959.04"
,,,02/14/2023,,0,,"47,000.00"
,,,02/13/2023,,"28,314",,"1,128,600.00"
,,,02/13/2023,,5148,,"205,200.00"
,,,02/13/2023,,3810,,"39,500.00"
,,,02/13/2023,,4199.96,,"45,702.00"
,,,02/13/2023,,4074,,"42,308.00"
,,,02/10/2023,,1604,,0.00
,,,02/10/2023,,2904,,"32,815.00"
,,,02/10/2023,,"9,676",,"106,436.00"
,,,02/10/2023,,"26,990.15",,"411,348.00"
,,,02/10/2023,,"16,450",,"180,950.00"
,,,02/10/2023,,,,"14,625.00"
,,,02/10/2023,,10905.62,,"197,560.16"
,,,02/09/2023,,"24,268.11",,"426,499.92"
,,,02/09/2023,,"16,645.05",,"249,000.00"
,,,02/09/2023,,9525,,"104,680.00"
,,,02/09/2023,,1903.5,,"25,625.00"
,,,02/09/2023,,8865.5,,"126,595.00"
,,,02/09/2023,,,,"8,400.00"
,,,02/09/2023,,4778,,"55,106.00"
,,,02/08/2023,,8041.3,,"66,700.00"
,,,02/07/2023,,"10,852.5",,"323,135.00"
,,,02/07/2023,,"9,040.5",,"110,150.00"
,,,02/07/2023,,500,,"4,300.00"
,,,02/07/2023,,4265.55,,"53,220.00"
,,,02/07/2023,,0,,"1,500.00"
,,,02/07/2023,,3654.85,,"65,735.00"
,,,02/06/2023,,8946.57,,"74,302.00"
,,,02/06/2023,,5782,,"39,410.00"
,,,02/06/2023,,4280,,"44,400.00"
,,,02/06/2023,,4939.04,,"54,352.00"
,,,02/06/2023,,1454,,0.00
,,,02/03/2023,,5462.72,,"118,936.00"
,,,02/03/2023,,6277.65,,0.00
,,,02/02/2023,,4151,,"49,530.00"
,,,02/02/2023,,0,,"5,000.00"
,,,02/02/2023,,29096.95,,"508,915.00"
,,,02/02/2023,,0,,"23,025.00"
,,,02/01/2023,,64800,,"2,073,600.00"
,,,02/01/2023,,64800,,"30,560.00"
,,,02/01/2023,,2637.11,,"36,428.00"
,,,02/01/2023,,3319.26,,"49,392.00"
,,,02/01/2023,,9109,,"128,000.00"
,,,02/01/2023,,,,"32,372,928.00"
,,,02/01/2023,,2025,,"23,280.00"
,,,02/01/2023,,"6,050",,"56,500.00"
,,,02/01/2023,,,,"7,480.00"
,,,01/31/2023,,"5,318",,"39,950.00"
,,,01/31/2023,,1980,,"16,900.00"
,,,01/30/2023,,,,"5,757,696.00"
,,,01/30/2023,,,,"8,650.00"
,,,01/30/2023,,3935,,"24,320.00"
,,,01/30/2023,,35333,,"316,720.00"
,,,01/30/2023,,,,"5,000.00"
,,,01/27/2023,,1993.2,,"15,586.00"
,,,01/27/2023,,69759.12,,"1,728,000.00"
,,,01/27/2023,,,,0.00
,,,01/27/2023,,69759.12,,"1,728,000.00"
,,,01/27/2023,,,,0.00
,,,01/27/2023,,1719.05,,0.00
,,,01/26/2023,,228,,"2,256.00"
,,,01/26/2023,,3100,,"24,850.00"
,,,01/26/2023,,112800,,"1,522,800.00"
,,,01/26/2023,,0,,"36,000.00"
,,,01/25/2023,,815,,"9,460.00"
,,,01/25/2023,,5310.48,,"39,150.00"
,,,01/25/2023,,,,"5,277,888.00"
,,,01/25/2023,,179,,"3,155.00"
,,,01/24/2023,,34989.56,,"393,096.00"
,,,01/24/2023,,0,,"4,500.00"
,,,01/24/2023,,305,,"3,646.00"
,,,01/24/2023,,1440,,"11,880.00"
,,,01/24/2023,,"141,866.41",,"2,467,395.98"
,,,01/24/2023,,,,"45,960.00"
,,,01/23/2023,,12704.47,,"288,968.00"
,,,01/23/2023,,1350,,"10,800.00"
,,,01/23/2023,,750,,"11,640.00"
,,,01/23/2023,,1680,,"15,300.00"
,,,01/23/2023,,4496,,"27,446.00"
,,,01/23/2023,,0,,0.00
,,,01/23/2023,,103078.59,,"1,376,051.00"
,,,01/20/2023,,"40,538",,"1,221,962.00"
,,,01/20/2023,,0,,"16,000.00"
,,,01/20/2023,,3730.04,,"43,200.00"
,,,01/20/2023,,,,"5,000.00"
,,,01/19/2023,,6658.02,,"99,600.00"
,,,01/19/2023,,2261,,"24,157.00"
,,,01/19/2023,,10550,,"143,600.00"
,,,01/19/2023,,0,,"1,500.00"
,,,01/19/2023,,12140.94,,"221,624.00"
,,,01/19/2023,,0,,"1,500.00"
,,,01/19/2023,,15914.91,,"281,877.00"
,,,01/19/2023,,0,,"5,000.00"
,,,01/18/2023,,"3,210",,"29,880.00"
,,,01/18/2023,,87416.6,,"1,168,225.00"
,,,01/18/2023,,5798.4,,"101,760.00"
,,,01/18/2023,,"20,250.52",,"288,715.00"
,,,01/18/2023,,10125,,"111,115.00"
,,,01/18/2023,,0,,"7,000.00"
,,,01/18/2023,,14964.71,,"199,088.00"
,,,01/18/2023,,"129,600",,"4,147,200.00"
,,,01/18/2023,,0,,"30,000.00"
,,,01/18/2023,,8672.8,,"206,400.00"
,,,01/18/2023,,3666,,"49,350.00"
,,,01/17/2023,,10406.4,,"157,910.00"
,,,01/17/2023,,40165.86,,"1,105,500.00"
,,,01/17/2023,,0,,"13,500.00"
,,,01/17/2023,,632.4,,"8,702.40"
,,,01/16/2023,,509.5,,"8,600.00"
,,,01/16/2023,,3500,,"27,740.00"
,,,01/16/2023,,19498.17,,"165,680.00"
,,,01/16/2023,,"18,409.86",,"301,270.00"
,,,01/16/2023,,,,"4,000.00"
,,,01/13/2023,,4614,,"35,374.00"
,,,01/13/2023,,"8,206.64",,"920,853.84"
,,,01/13/2023,,,,"1,600.00"
,,,01/13/2023,,2658,,"29,322.00"
,,,01/13/2023,,206208,,"5,000,544.00"
,,,01/13/2023,,3718,,"42,875.00"
,,,01/13/2023,,5320,,"82,180.00"
,,,01/13/2023,,31000,,"404,308.80"
,,,01/13/2023,,,,"3,000.00"
,,,01/12/2023,,4490,,"38,000.00"
,,,01/12/2023,,1808,,"15,940.00"
,,,01/12/2023,,936,,"10,920.00"
,,,01/12/2023,,6810,,"84,500.00"
,,,01/12/2023,,,,"8,000.00"
,,,01/12/2023,,20688.4,,"590,540.00"
,,,01/12/2023,,,,"9,460.00"
,,,01/12/2023,,"9,987.03",,"149,400.00"
,,,01/12/2023,,2506.4,,"18,500.00"
,,,01/12/2023,,,,"1,120.00"
,,,01/12/2023,,6165.65,,"23,630.00"
,,,01/12/2023,,4500,,"15,000.00"
,,,01/11/2023,,48554.76,,"494,267.00"
,,,01/11/2023,,6729,,"126,300.00"
,,,01/11/2023,,17700,,"134,700.00"
,,,01/11/2023,,7317.09,,"155,316.00"
,,,01/11/2023,,0,,0.00
,,,01/10/2023,,"161,714.00",,"3,070,212.00"
,,,01/10/2023,,0,,0.00
,,,01/10/2023,,1024,,"11,264.00"
,,,01/10/2023,,23950.92,,"264,364.00"
,,,01/10/2023,,,,"7,000.00"
,,,01/10/2023,,122341.34,,"1,618,582.70"
,,,01/10/2023,,31000,,"36,000.00"
,,,01/10/2023,,7005.6,,"136,360.00"
,,,01/10/2023,,0,,"1,500.00"
,,,01/10/2023,,4674,,"58,882.00"
,,,01/10/2023,,"31,926",,"648,930.00"
,,,01/10/2023,,3851.04,,"33,558.00"
,,,01/10/2023,,180,,"1,892.00"
,,,01/10/2023,,180718.4,,"1,383,152.00"
,,,01/10/2023,,,,"1,500.00"
,,,01/10/2023,,"23,695.68",,"280,497.75"
,,,01/10/2023,,11035,,"84,435.00"
,,,01/10/2023,,,,"18,700.00"
,,,01/06/2023,,51920,,"462,210.00"
,,,01/06/2023,,"19,280.2",,"264,600.00"
,,,01/06/2023,,,,"1,500.00"
,,,01/06/2023,,"2,378",,"27,200.00"
,,,01/06/2023,,,,0.00
,,,01/06/2023,,"13,616",,"250,648.00"
,,,01/06/2023,,,,"4,500.00"
,,,01/06/2023,,,,"1,089,504.00"
,,,01/05/2023,,330,,0.00
,,,01/05/2023,,93300,,"1,440,000.00"
,,,01/05/2023,,0,,0.00
,,,01/05/2023,,5130,,"77,550.00"
,,,01/05/2023,,,,"4,000.00"
,,,01/05/2023,,5356,,"58,968.00"
,,,01/05/2023,,8036.22,,"171,687.00"
,,,01/05/2023,,87946,,"818,808.62"
,,,01/05/2023,,400,,"11,000.00"
,,,01/04/2023,,,,"9,096,192.00"
,,,01/04/2023,,,,"60,000.00"
,,,01/04/2023,,"116,057.15",,"450,000.00"
,,,01/04/2023,,3342,,"127,200.00"
,,,01/04/2023,,,,"3,000.00"
,,,01/04/2023,,,,"18,200.00"
,,,01/04/2023,,231,,"2,156.00"
,,,01/04/2023,,"84,178.88",,"1,667,200.00"
,,,01/03/2023,,"55,566",,"773,215.00"
,,,01/03/2023,,"55,566",,"28,000.00"
,,,01/03/2023,,5786.88,,"65,301.00"
,,,01/03/2023,,6938.32,,"56,990.00"
,,,01/03/2023,,17847,,"219,712.00"
,,,01/03/2023,,3483,,"39,880.00"
"Jan 1, '23 - Jun 11, 26",,,,,,,"2,394,105,038.67"
,,,,,,,
